dev_id,car_type,applied_case,baseline_method,data_sufficiency,confidence,current_efficiency,performance_index,observation_days,ensemble_matches,payload_stress_index,acceleration_volatility,calibrated_performance_index
V000CB0046,EV6_LONGRANGE,Case 1,차종(EV6_LONGRANGE) 중심 가중 베이스라인 (w=1.00),충분,높음,4.82,81.83,84,0,1.447,0.217,98.43
V012BE0000,BONGO3,Case 1,차종(BONGO3) 중심 가중 베이스라인 (w=1.00),충분,높음,3.46,83.7,406,2,1.22,0.189,92.45
V000BE0017,IONIQ5_LONGRANGE,Case 2,세그먼트(MID_SUV_EGMP) 중심 가중 베이스라인 (w=0.54),충분,보통,5.51,84.11,417,3,1.361,0.367,98.14
V004BL0002,EV6_LONGRANGE,Case 1,차종(EV6_LONGRANGE) 중심 가중 베이스라인 (w=1.00),충분,높음,5.64,84.65,286,0,1.243,0.272,94.36
V004AK0000,EV6_LONGRANGE,Case 1,차종(EV6_LONGRANGE) 중심 가중 베이스라인 (w=1.00),충분,높음,5.59,84.9,469,4,1.24,0.213,94.56
V023AL0000,SOUL_LONGRANGE,Case 2,유사 세그먼트(SMALL_SUV) 계절별 평균 연비,충분,보통,6.68,86.94,323,0,1.044,0.154,88.82
V004BG0006,EV6_LONGRANGE,Case 1,차종(EV6_LONGRANGE) 중심 가중 베이스라인 (w=1.00),충분,높음,6.08,86.98,268,0,1.258,0.269,97.57
V004CA0000,EV6_LONGRANGE,Case 1,차종(EV6_LONGRANGE) 중심 가중 베이스라인 (w=1.00),충분,높음,6.06,88.3,284,0,1.209,0.281,97.08
V000CE0019,PORTER2,Case 2,세그먼트(COMMERCIAL_TRUCK) 중심 가중 베이스라인 (w=0.33),충분,보통,2.92,88.74,78,0,1.447,0.262,106.74
V013BC0000,IONIQ6_LONGRANGE,Case 2,유사 세그먼트(MID_SEDAN_EGMP) 계절별 평균 연비,충분,보통,7.53,88.89,386,2,1.106,0.229,93.49
V000CB0063,GV70,Case 3,ReVIN (Segment:PREMIUM_LUXURY 매핑),부족,낮음,5.33,89.11,211,0,1.128,0.182,94.66
V000CD0030,BONGO3,Case 1,차종(BONGO3) 중심 가중 베이스라인 (w=1.00),충분,높음,3.49,89.39,57,0,1.173,0.172,96.81
V013AL0000,IONIQ6_LONGRANGE,Case 3,ReVIN (Segment:MID_SEDAN_EGMP 매핑),부족,낮음,6.0,89.42,25,0,1.553,0.241,111.44
V004BA0030,EV6_LONGRANGE,Case 1,차종(EV6_LONGRANGE) 중심 가중 베이스라인 (w=1.00),충분,높음,6.52,89.49,484,5,1.093,0.239,93.55
V004BH0000,EV6_LONGRANGE,Case 1,차종(EV6_LONGRANGE) 중심 가중 베이스라인 (w=1.00),충분,높음,6.08,90.22,149,0,1.227,0.227,99.93
V004BE0011,EV6_LONGRANGE,Case 1,차종(EV6_LONGRANGE) 중심 가중 베이스라인 (w=1.00),충분,높음,6.41,90.44,494,5,1.128,0.253,96.04
V004BJ0000,EV6_LONGRANGE,Case 1,차종(EV6_LONGRANGE) 중심 가중 베이스라인 (w=1.00),충분,높음,6.41,90.71,343,0,1.12,0.268,96.01
V000CB0077,EV6_LONGRANGE,Case 1,차종(EV6_LONGRANGE) 중심 가중 베이스라인 (w=1.00),충분,높음,6.25,90.72,216,0,1.089,0.225,94.69
V011BE0006,PORTER2,Case 2,세그먼트(COMMERCIAL_TRUCK) 중심 가중 베이스라인 (w=0.33),충분,보통,3.95,91.03,427,3,1.121,0.152,96.37
V000CB0010,EV6_LONGRANGE,Case 1,차종(EV6_LONGRANGE) 중심 가중 베이스라인 (w=1.00),충분,높음,6.28,91.09,202,0,1.132,0.276,96.91
V009BA0001,KONA_LONGRANGE,Case 2,유사 세그먼트(SMALL_SUV) 계절별 평균 연비,충분,보통,6.74,91.37,414,3,1.236,0.296,101.59
V03BA0020,IONIQ5_LONGRANGE,Case 2,세그먼트(MID_SUV_EGMP) 중심 가중 베이스라인 (w=0.54),충분,보통,6.16,91.47,190,0,1.165,0.292,98.74
V024CF0134,IONIQ5_LONGRANGE,Case 2,세그먼트(MID_SUV_EGMP) 중심 가중 베이스라인 (w=0.54),충분,보통,5.65,91.71,57,0,1.145,0.216,98.14
V003CA0001,IONIQ5_LONGRANGE,Case 2,세그먼트(MID_SUV_EGMP) 중심 가중 베이스라인 (w=0.54),충분,보통,6.22,91.83,286,0,1.105,0.261,96.54
V000CD0025,BONGO3,Case 2,유사 세그먼트(COMMERCIAL_TRUCK) 계절별 평균 연비,충분,보통,3.41,91.92,179,0,1.17,0.246,99.41
V000CA0034,EV6_LONGRANGE,Case 1,차종(EV6_LONGRANGE) 중심 가중 베이스라인 (w=1.00),충분,높음,6.33,91.94,162,0,1.13,0.211,97.74
V011BE0036,PORTER2,Case 3,ReVIN (Segment:COMMERCIAL_TRUCK 매핑),부족,낮음,3.88,92.13,203,0,1.189,0.206,100.44
V03BA0028,IONIQ5_LONGRANGE,Case 2,세그먼트(MID_SUV_EGMP) 중심 가중 베이스라인 (w=0.54),충분,보통,5.88,92.14,214,0,1.189,0.231,100.47
V000CD0081,BONGO3,Case 1,차종(BONGO3) 중심 가중 베이스라인 (w=1.00),충분,높음,3.81,92.14,108,0,1.082,0.128,95.85
V000BL0009,IONIQ5_LONGRANGE,Case 2,세그먼트(MID_SUV_EGMP) 중심 가중 베이스라인 (w=0.54),충분,보통,6.28,92.37,287,0,1.138,0.211,98.52
V004BE0005,EV6_LONGRANGE,Case 1,차종(EV6_LONGRANGE) 중심 가중 베이스라인 (w=1.00),충분,높음,6.62,92.47,510,5,1.107,0.308,97.28
V002CG0010,GV70,Case 3,ReVIN (Segment:PREMIUM_LUXURY 매핑),부족,낮음,5.57,92.74,77,0,1.037,0.31,94.45
V000CD0032,THE_NEW_IONIQ5_LONGRANGE,Case 2,세그먼트(MID_SUV_EGMP) 중심 가중 베이스라인 (w=0.61),충분,보통,5.92,92.8,121,0,1.219,0.357,102.47
V000CC0001,GV70,Case 3,ReVIN (Segment:PREMIUM_LUXURY 매핑),부족,낮음,5.72,92.81,186,0,1.04,0.146,94.64
V004BI0000,EV6_LONGRANGE,Case 1,차종(EV6_LONGRANGE) 중심 가중 베이스라인 (w=1.00),충분,높음,6.77,92.85,237,0,1.137,0.192,99.02
V000CC0020,NIRO_PLUS,Case 2,세그먼트(SMALL_SUV) 중심 가중 베이스라인 (w=0.06),충분,보통,6.93,92.85,205,0,1.059,0.19,95.57
V012BE0021,BONGO3,Case 2,유사 세그먼트(COMMERCIAL_TRUCK) 계절별 평균 연비,충분,보통,3.67,92.94,510,5,1.138,0.139,99.16
V027CH0046,EV6_LONGRANGE,Case 1,차종(EV6_LONGRANGE) 중심 가중 베이스라인 (w=1.00),충분,높음,6.34,93.33,43,0,1.099,0.226,97.85
V004AL0000,EV6_LONGRANGE,Case 1,차종(EV6_LONGRANGE) 중심 가중 베이스라인 (w=1.00),충분,높음,6.73,93.46,686,11,1.109,0.182,98.4
V011BD0000,PORTER2,Case 2,세그먼트(COMMERCIAL_TRUCK) 중심 가중 베이스라인 (w=0.33),충분,보통,3.93,93.52,447,1,1.024,0.153,94.65
V013BL0001,IONIQ6_LONGRANGE,Case 3,ReVIN (Segment:MID_SEDAN_EGMP 매핑),부족,낮음,8.2,93.56,285,0,0.975,0.23,92.38
V000CB0089,BONGO3,Case 2,유사 세그먼트(COMMERCIAL_TRUCK) 계절별 평균 연비,충분,보통,3.66,93.58,248,0,1.141,0.175,99.95
V000CC0081,EV3_LONGRANGE,Case 1,차종(EV3_LONGRANGE) 중심 가중 베이스라인 (w=1.00),충분,높음,6.78,93.7,141,0,1.163,0.166,101.07
V03CD0064,EV6_LONGRANGE,Case 1,차종(EV6_LONGRANGE) 중심 가중 베이스라인 (w=1.00),충분,높음,5.79,93.71,85,0,1.116,0.183,98.99
V004BA0006,EV6_LONGRANGE,Case 1,차종(EV6_LONGRANGE) 중심 가중 베이스라인 (w=1.00),충분,높음,6.58,93.77,87,0,1.087,0.273,97.77
V000CD0072,IONIQ5_LONGRANGE,Case 2,세그먼트(MID_SUV_EGMP) 중심 가중 베이스라인 (w=0.54),충분,보통,6.21,93.83,128,0,1.115,0.282,99.06
V03CD0094,NIRO_PLUS,Case 2,세그먼트(SMALL_SUV) 중심 가중 베이스라인 (w=0.06),충분,보통,6.1,93.86,78,0,1.281,0.221,106.24
V016BE0001,GV70,Case 3,ReVIN (Segment:PREMIUM_LUXURY 매핑),부족,낮음,5.89,93.87,238,0,1.038,0.205,95.64
V000BD0002,IONIQ5_LONGRANGE,Case 2,세그먼트(MID_SUV_EGMP) 중심 가중 베이스라인 (w=0.54),충분,보통,6.41,93.99,423,3,1.13,0.333,99.91
V016BE0002,GV70,Case 3,ReVIN (Segment:PREMIUM_LUXURY 매핑),부족,낮음,5.98,94.01,344,0,1.015,0.123,94.73
V027CF0156,SOUL_LONGRANGE,Case 2,유사 세그먼트(SMALL_SUV) 계절별 평균 연비,충분,보통,6.93,94.02,79,0,0.996,0.164,93.82
V018AL0000,NIRO2,Case 2,유사 세그먼트(SMALL_SUV) 계절별 평균 연비,충분,보통,7.23,94.05,656,10,1.058,0.219,96.73
V014CF0047,IONIQ5_LONGRANGE,Case 2,세그먼트(MID_SUV_EGMP) 중심 가중 베이스라인 (w=0.54),충분,보통,5.88,94.14,32,0,1.137,0.199,100.37
V009BH0001,KONA_LONGRANGE,Case 2,유사 세그먼트(SMALL_SUV) 계절별 평균 연비,충분,보통,7.25,94.21,413,2,1.162,0.177,101.56
V004BE0008,EV6_LONGRANGE,Case 1,차종(EV6_LONGRANGE) 중심 가중 베이스라인 (w=1.00),충분,높음,6.82,94.29,497,5,1.053,0.184,96.75
V022AK0000,KONA_LONGRANGE,Case 2,유사 세그먼트(SMALL_SUV) 계절별 평균 연비,충분,보통,6.86,94.31,99,0,1.297,0.183,107.39
V004BA0017,EV6_LONGRANGE,Case 1,차종(EV6_LONGRANGE) 중심 가중 베이스라인 (w=1.00),충분,높음,6.79,94.33,89,0,1.048,0.213,96.57
V012BE0016,BONGO3,Case 1,차종(BONGO3) 중심 가중 베이스라인 (w=1.00),충분,높음,4.14,94.35,377,1,1.046,0.165,96.48
V013AK0001,IONIQ6_LONGRANGE,Case 3,ReVIN (Segment:MID_SEDAN_EGMP 매핑),부족,낮음,8.39,94.41,700,12,1.02,0.25,95.34
V000CB0020,IONIQ5_LONGRANGE,Case 2,세그먼트(MID_SUV_EGMP) 중심 가중 베이스라인 (w=0.54),충분,보통,6.1,94.41,63,0,1.169,0.234,102.06
V000CB0021,EV6_LONGRANGE,Case 1,차종(EV6_LONGRANGE) 중심 가중 베이스라인 (w=1.00),충분,높음,6.72,94.42,218,0,1.038,0.124,96.21
TESTNIRO01,NIRO_PLUS,Case 2,세그먼트(SMALL_SUV) 중심 가중 베이스라인 (w=0.06),충분,보통,7.27,94.43,706,11,1.069,0.23,97.64
V000CA0008,CASPER_LONGRANGE,Case 1,차종(CASPER_LONGRANGE) 중심 가중 베이스라인 (w=1.00),충분,높음,7.73,94.44,290,0,1.111,0.178,99.56
V013BL0000,IONIQ6_LONGRANGE,Case 2,유사 세그먼트(MID_SEDAN_EGMP) 계절별 평균 연비,충분,보통,7.84,94.51,179,0,1.08,0.181,98.23
V000CC0066,BONGO3,Case 1,차종(BONGO3) 중심 가중 베이스라인 (w=1.00),충분,높음,3.91,94.77,73,0,1.061,0.236,97.63
V003CG0019,CASPER_LONGRANGE,Case 1,차종(CASPER_LONGRANGE) 중심 가중 베이스라인 (w=1.00),충분,높음,6.8,94.78,19,0,1.231,0.124,105.14
V000CA0022,IONIQ5_LONGRANGE,Case 2,세그먼트(MID_SUV_EGMP) 중심 가중 베이스라인 (w=0.54),충분,보통,6.21,94.9,55,0,1.26,0.266,106.52
V004CA0002,EV6_LONGRANGE,Case 1,차종(EV6_LONGRANGE) 중심 가중 베이스라인 (w=1.00),충분,높음,6.76,94.9,99,0,0.991,0.193,94.45
V000CD0079,THE_NEW_IONIQ5_LONGRANGE,Case 2,세그먼트(MID_SUV_EGMP) 중심 가중 베이스라인 (w=0.61),충분,보통,6.22,95.04,124,0,1.158,0.284,102.26
V004BE0009,EV6_LONGRANGE,Case 1,차종(EV6_LONGRANGE) 중심 가중 베이스라인 (w=1.00),충분,높음,6.9,95.05,447,3,1.051,0.162,97.45
V000CA0010,IONIQ5_LONGRANGE,Case 2,세그먼트(MID_SUV_EGMP) 중심 가중 베이스라인 (w=0.54),충분,보통,6.47,95.14,78,0,1.259,0.298,106.77
V000CE0017,EV3_LONGRANGE,Case 1,차종(EV3_LONGRANGE) 중심 가중 베이스라인 (w=1.00),충분,높음,7.0,95.21,139,0,1.125,0.187,100.97
V002CG0007,KONA_LONGRANGE,Case 2,유사 세그먼트(SMALL_SUV) 계절별 평균 연비,충분,보통,7.02,95.23,77,0,1.157,0.229,102.42
V004BA0016,EV6_LONGRANGE,Case 1,차종(EV6_LONGRANGE) 중심 가중 베이스라인 (w=1.00),충분,높음,6.96,95.3,105,0,1.027,0.213,96.58
V000CE0007,IONIQ5_LONGRANGE,Case 2,세그먼트(MID_SUV_EGMP) 중심 가중 베이스라인 (w=0.54),충분,보통,6.49,95.32,127,0,1.062,0.241,98.22
V003BB0003,IONIQ5_LONGRANGE,Case 2,세그먼트(MID_SUV_EGMP) 중심 가중 베이스라인 (w=0.54),충분,보통,6.54,95.38,176,0,1.073,0.204,98.81
V000CD0027,SOUL_LONGRANGE,Case 2,유사 세그먼트(SMALL_SUV) 계절별 평균 연비,충분,보통,6.95,95.38,167,0,0.974,0.13,94.12
V027CF0164,BONGO3,Case 2,유사 세그먼트(COMMERCIAL_TRUCK) 계절별 평균 연비,충분,보통,3.59,95.4,53,0,1.154,0.198,102.49
V023BI0000,SOUL_LONGRANGE,Case 2,유사 세그먼트(SMALL_SUV) 계절별 평균 연비,충분,보통,7.06,95.48,171,0,1.009,0.231,95.89
V027CG0066,IONIQ5_LONGRANGE,Case 2,세그먼트(MID_SUV_EGMP) 중심 가중 베이스라인 (w=0.54),충분,보통,6.48,95.55,91,0,1.03,0.145,96.95
V000CD0078,IONIQ6_LONGRANGE,Case 3,ReVIN (Segment:MID_SEDAN_EGMP 매핑),부족,낮음,8.4,95.66,169,0,0.961,0.225,93.75
V009BL0002,KONA_LONGRANGE,Case 2,유사 세그먼트(SMALL_SUV) 계절별 평균 연비,충분,보통,7.36,95.68,274,0,1.107,0.192,100.68
V003BL0001,IONIQ5_LONGRANGE,Case 2,세그먼트(MID_SUV_EGMP) 중심 가중 베이스라인 (w=0.54),충분,보통,6.66,95.83,287,0,1.088,0.247,99.96
V016CH0023,EV6_LONGRANGE,Case 1,차종(EV6_LONGRANGE) 중심 가중 베이스라인 (w=1.00),충분,높음,6.4,95.85,28,0,1.085,0.207,99.86
V012BL0000,BONGO3,Case 3,ReVIN (Segment:COMMERCIAL_TRUCK 매핑),부족,낮음,3.68,95.87,31,0,1.331,0.23,110.61
V03CD0072,EV3_LONGRANGE,Case 1,차종(EV3_LONGRANGE) 중심 가중 베이스라인 (w=1.00),충분,높음,6.61,95.87,105,0,1.19,0.214,104.6
V03CD0063,EV6_LONGRANGE,Case 1,차종(EV6_LONGRANGE) 중심 가중 베이스라인 (w=1.00),충분,높음,6.44,95.92,103,0,1.168,0.422,103.69
V011BD0004,PORTER2,Case 2,세그먼트(COMMERCIAL_TRUCK) 중심 가중 베이스라인 (w=0.33),충분,보통,3.65,95.95,161,0,1.184,0.142,104.4
V026CF0140,EV6_LONGRANGE,Case 1,차종(EV6_LONGRANGE) 중심 가중 베이스라인 (w=1.00),충분,높음,6.8,95.98,77,0,1.022,0.167,97.03
V000CC0077,EV6_LONGRANGE,Case 1,차종(EV6_LONGRANGE) 중심 가중 베이스라인 (w=1.00),충분,높음,6.87,96.07,139,0,1.006,0.164,96.38
V000BG0012,IONIQ5_LONGRANGE,Case 2,세그먼트(MID_SUV_EGMP) 중심 가중 베이스라인 (w=0.54),충분,보통,6.62,96.09,377,1,1.059,0.183,98.9
V000CE0010,IONIQ5_LONGRANGE,Case 2,세그먼트(MID_SUV_EGMP) 중심 가중 베이스라인 (w=0.54),충분,보통,6.59,96.12,123,0,1.049,0.247,98.43
V004CJ0010,IONIQ5_LONGRANGE,Case 2,세그먼트(MID_SUV_EGMP) 중심 가중 베이스라인 (w=0.54),충분,보통,6.05,96.2,17,0,1.178,0.197,104.4
V012BD0026,BONGO3,Case 1,차종(BONGO3) 중심 가중 베이스라인 (w=1.00),충분,높음,4.17,96.28,85,0,0.976,0.129,95.12
V010CG0041,EV6_LONGRANGE,Case 1,차종(EV6_LONGRANGE) 중심 가중 베이스라인 (w=1.00),충분,높음,6.86,96.28,92,0,1.028,0.135,97.63
V000CB0006,EV6_LONGRANGE,Case 1,차종(EV6_LONGRANGE) 중심 가중 베이스라인 (w=1.00),충분,높음,6.93,96.33,166,0,1.016,0.187,97.08
V004AK0001,EV6_LONGRANGE,Case 1,차종(EV6_LONGRANGE) 중심 가중 베이스라인 (w=1.00),충분,높음,7.03,96.33,686,11,1.038,0.219,98.14
V03CD0113,IONIQ5_LONGRANGE,Case 2,세그먼트(MID_SUV_EGMP) 중심 가중 베이스라인 (w=0.54),충분,보통,6.61,96.38,91,0,1.054,0.142,98.95
V029BL0000,EV3_LONGRANGE,Case 1,차종(EV3_LONGRANGE) 중심 가중 베이스라인 (w=1.00),충분,높음,6.99,96.42,177,0,1.235,0.33,107.16
V000CB0027,EV6_LONGRANGE,Case 1,차종(EV6_LONGRANGE) 중심 가중 베이스라인 (w=1.00),충분,높음,6.97,96.42,215,0,1.0,0.193,96.41
V013CF0044,EV6_LONGRANGE,Case 1,차종(EV6_LONGRANGE) 중심 가중 베이스라인 (w=1.00),충분,높음,6.17,96.43,6,0,1.148,0.167,103.33
V004BA0003,EV6_LONGRANGE,Case 1,차종(EV6_LONGRANGE) 중심 가중 베이스라인 (w=1.00),충분,높음,7.28,96.44,490,5,0.905,0.212,91.72
V016BF0000,GV70,Case 3,ReVIN (Segment:PREMIUM_LUXURY 매핑),부족,낮음,6.19,96.45,276,0,0.98,0.23,95.48
V004BE0007,EV6_LONGRANGE,Case 1,차종(EV6_LONGRANGE) 중심 가중 베이스라인 (w=1.00),충분,높음,7.17,96.45,147,0,1.057,0.199,99.16
V004AL0005,EV6_LONGRANGE,Case 1,차종(EV6_LONGRANGE) 중심 가중 베이스라인 (w=1.00),충분,높음,6.95,96.47,175,0,0.998,0.219,96.37
V03CD0123,IONIQ5_LONGRANGE,Case 2,세그먼트(MID_SUV_EGMP) 중심 가중 베이스라인 (w=0.54),충분,보통,6.23,96.47,77,0,1.082,0.209,100.37
V007BF0000,NIRO_LONGRANGE,Case 2,세그먼트(SMALL_SUV) 중심 가중 베이스라인 (w=0.01),충분,보통,7.18,96.48,153,0,1.157,0.303,103.77
V03CD0124,IONIQ5_LONGRANGE,Case 2,세그먼트(MID_SUV_EGMP) 중심 가중 베이스라인 (w=0.54),충분,보통,6.06,96.49,54,0,1.119,0.165,102.07
V000CC0008,EV6_LONGRANGE,Case 1,차종(EV6_LONGRANGE) 중심 가중 베이스라인 (w=1.00),충분,높음,6.94,96.56,135,0,0.995,0.17,96.34
V000CD0041,EV6_LONGRANGE,Case 1,차종(EV6_LONGRANGE) 중심 가중 베이스라인 (w=1.00),충분,높음,6.82,96.64,175,0,1.026,0.188,97.88
V021CF0097,EV6_LONGRANGE,Case 1,차종(EV6_LONGRANGE) 중심 가중 베이스라인 (w=1.00),충분,높음,6.89,96.66,53,0,0.989,0.116,96.12
V021CE0043,IONIQ6_LONGRANGE,Case 3,ReVIN (Segment:MID_SEDAN_EGMP 매핑),부족,낮음,8.46,96.72,39,0,0.937,0.139,93.64
V000CC0050,EV6_LONGRANGE,Case 1,차종(EV6_LONGRANGE) 중심 가중 베이스라인 (w=1.00),충분,높음,7.02,96.82,217,0,1.023,0.218,97.91
V000CD0040,IONIQ5_LONGRANGE,Case 2,세그먼트(MID_SUV_EGMP) 중심 가중 베이스라인 (w=0.54),충분,보통,6.31,96.83,61,0,1.073,0.279,100.28
V000BE0029,IONIQ5_LONGRANGE,Case 2,세그먼트(MID_SUV_EGMP) 중심 가중 베이스라인 (w=0.54),충분,보통,6.76,96.84,452,1,1.042,0.222,98.86
V03CD0067,EV6_LONGRANGE,Case 1,차종(EV6_LONGRANGE) 중심 가중 베이스라인 (w=1.00),충분,높음,6.53,96.85,89,0,0.978,0.189,95.8
V012BE0133,BONGO3,Case 2,유사 세그먼트(COMMERCIAL_TRUCK) 계절별 평균 연비,충분,보통,3.83,96.87,394,1,1.058,0.126,99.63
V021CE0046,GV70,Case 3,ReVIN (Segment:PREMIUM_LUXURY 매핑),부족,낮음,5.92,96.89,37,0,0.979,0.146,95.87
V011BE0012,PORTER2,Case 3,ReVIN (Segment:COMMERCIAL_TRUCK 매핑),부족,낮음,4.25,96.95,188,0,1.082,0.219,100.86
V000CC0062,NIRO_LONGRANGE,Case 2,세그먼트(SMALL_SUV) 중심 가중 베이스라인 (w=0.01),충분,보통,7.46,97.02,140,0,1.023,0.123,98.12
V003BA0002,IONIQ5_LONGRANGE,Case 2,세그먼트(MID_SUV_EGMP) 중심 가중 베이스라인 (w=0.54),충분,보통,6.26,97.03,5,0,1.204,0.184,106.47
V000CB0057,IONIQ5_LONGRANGE,Case 2,세그먼트(MID_SUV_EGMP) 중심 가중 베이스라인 (w=0.54),충분,보통,6.76,97.04,204,0,1.049,0.29,99.4
V004BA0027,EV6_LONGRANGE,Case 1,차종(EV6_LONGRANGE) 중심 가중 베이스라인 (w=1.00),충분,높음,7.11,97.06,587,8,0.986,0.237,96.39
V026CF0144,EV6_LONGRANGE,Case 1,차종(EV6_LONGRANGE) 중심 가중 베이스라인 (w=1.00),충분,높음,6.94,97.08,56,0,0.977,0.162,95.97
V005CG0023,IONIQ5_LONGRANGE,Case 2,세그먼트(MID_SUV_EGMP) 중심 가중 베이스라인 (w=0.54),충분,보통,6.68,97.15,73,0,1.04,0.231,99.09
V011BE0002,PORTER2,Case 2,세그먼트(COMMERCIAL_TRUCK) 중심 가중 베이스라인 (w=0.33),충분,보통,4.06,97.26,301,0,1.167,0.212,105.05
V000BE0019,IONIQ5_LONGRANGE,Case 2,세그먼트(MID_SUV_EGMP) 중심 가중 베이스라인 (w=0.54),충분,보통,6.31,97.27,51,0,1.108,0.227,102.38
V000CC0070,EV6_LONGRANGE,Case 1,차종(EV6_LONGRANGE) 중심 가중 베이스라인 (w=1.00),충분,높음,7.02,97.28,101,0,1.005,0.155,97.54
V007AL0000,NIRO_LONGRANGE,Case 2,세그먼트(SMALL_SUV) 중심 가중 베이스라인 (w=0.01),충분,보통,7.6,97.31,551,7,1.043,0.199,99.4
V000CB0008,EV6_LONGRANGE,Case 1,차종(EV6_LONGRANGE) 중심 가중 베이스라인 (w=1.00),충분,높음,7.05,97.33,140,0,0.987,0.155,96.71
V013CF0041,IONIQ5_LONGRANGE,Case 2,세그먼트(MID_SUV_EGMP) 중심 가중 베이스라인 (w=0.54),충분,보통,6.7,97.37,35,0,1.029,0.199,98.76
V009BE0003,KONA_LONGRANGE,Case 2,유사 세그먼트(SMALL_SUV) 계절별 평균 연비,충분,보통,7.5,97.43,100,0,1.058,0.166,100.22
V011BD0005,PORTER2,Case 2,세그먼트(COMMERCIAL_TRUCK) 중심 가중 베이스라인 (w=0.33),충분,보통,3.94,97.51,566,6,1.078,0.183,101.26
V012BD0029,BONGO3,Case 3,ReVIN (Segment:COMMERCIAL_TRUCK 매핑),부족,낮음,4.31,97.52,263,0,0.979,0.128,96.5
V000CD0037,IONIQ5_LONGRANGE,Case 2,세그먼트(MID_SUV_EGMP) 중심 가중 베이스라인 (w=0.54),충분,보통,6.81,97.52,183,0,1.039,0.37,99.42
V003CA0000,IONIQ5_LONGRANGE,Case 2,세그먼트(MID_SUV_EGMP) 중심 가중 베이스라인 (w=0.54),충분,보통,6.71,97.59,183,0,1.061,0.271,100.53
V03CD0062,EV6_LONGRANGE,Case 1,차종(EV6_LONGRANGE) 중심 가중 베이스라인 (w=1.00),충분,높음,7.04,97.59,104,0,0.962,0.22,95.72
V003CA0002,IONIQ5_LONGRANGE,Case 2,세그먼트(MID_SUV_EGMP) 중심 가중 베이스라인 (w=0.54),충분,보통,6.92,97.61,126,0,1.056,0.288,100.3
V004BG0001,EV6_LONGRANGE,Case 1,차종(EV6_LONGRANGE) 중심 가중 베이스라인 (w=1.00),충분,높음,7.04,97.66,45,0,1.03,0.216,99.12
V000BE0020,IONIQ5_LONGRANGE,Case 2,세그먼트(MID_SUV_EGMP) 중심 가중 베이스라인 (w=0.54),충분,보통,6.89,97.68,486,5,1.035,0.185,99.39
V018CF0080,NIRO_LONGRANGE,Case 2,세그먼트(SMALL_SUV) 중심 가중 베이스라인 (w=0.01),충분,보통,7.39,97.7,47,0,1.023,0.151,98.83
V000CC0068,EV3,Case 2,유사 세그먼트(SMALL_SUV) 계절별 평균 연비,충분,보통,7.46,97.73,117,0,1.078,0.255,101.45
V003BA0005,IONIQ5_LONGRANGE,Case 2,세그먼트(MID_SUV_EGMP) 중심 가중 베이스라인 (w=0.54),충분,보통,6.79,97.73,453,4,1.045,0.269,99.92
V004BA0004,EV6_LONGRANGE,Case 1,차종(EV6_LONGRANGE) 중심 가중 베이스라인 (w=1.00),충분,높음,7.33,97.73,122,0,0.975,0.188,96.51
V000CC0079,EV6_LONGRANGE,Case 1,차종(EV6_LONGRANGE) 중심 가중 베이스라인 (w=1.00),충분,높음,6.98,97.75,14,0,0.977,0.098,96.61
V000CB0067,THE_NEW_IONIQ5_LONGRANGE,Case 2,세그먼트(MID_SUV_EGMP) 중심 가중 베이스라인 (w=0.61),충분,보통,6.58,97.76,120,0,1.141,0.318,104.41
V000BE0009,IONIQ5_LONGRANGE,Case 2,세그먼트(MID_SUV_EGMP) 중심 가중 베이스라인 (w=0.54),충분,보통,6.63,97.8,60,0,1.03,0.162,99.25
V000BH0014,IONIQ5_LONGRANGE,Case 2,세그먼트(MID_SUV_EGMP) 중심 가중 베이스라인 (w=0.54),충분,보통,6.91,97.85,403,2,1.024,0.167,99.01
V003BG0001,IONIQ5_LONGRANGE,Case 2,세그먼트(MID_SUV_EGMP) 중심 가중 베이스라인 (w=0.54),충분,보통,6.98,97.87,181,0,1.056,0.178,100.59
V009CG0038,EV4_LONGRANGE,Case 2,세그먼트(SMALL_SUV) 중심 가중 베이스라인 (w=0.15),충분,보통,7.5,97.87,81,0,1.009,0.154,98.29
V004BA0014,EV6_LONGRANGE,Case 1,차종(EV6_LONGRANGE) 중심 가중 베이스라인 (w=1.00),충분,높음,7.14,97.87,172,0,0.947,0.144,95.22
HANIONIQ5,IONIQ5_LONGRANGE,Case 2,세그먼트(MID_SUV_EGMP) 중심 가중 베이스라인 (w=0.54),충분,보통,6.91,97.89,683,10,1.049,0.285,100.28
V020CE0039,IONIQ5_LONGRANGE,Case 2,세그먼트(MID_SUV_EGMP) 중심 가중 베이스라인 (w=0.54),충분,보통,6.72,97.91,36,0,1.0,0.176,97.89
V011BD0013,PORTER2,Case 2,세그먼트(COMMERCIAL_TRUCK) 중심 가중 베이스라인 (w=0.33),충분,보통,4.17,97.94,411,2,1.076,0.166,101.62
V012BE0114,BONGO3,Case 3,ReVIN (Segment:COMMERCIAL_TRUCK 매핑),부족,낮음,4.33,97.95,187,0,0.998,0.144,97.87
V012BD0031,BONGO3,Case 3,ReVIN (Segment:COMMERCIAL_TRUCK 매핑),부족,낮음,4.34,98.01,244,0,0.96,0.122,96.03
V004BD0000,EV6_LONGRANGE,Case 1,차종(EV6_LONGRANGE) 중심 가중 베이스라인 (w=1.00),충분,높음,7.34,98.03,40,0,0.952,0.128,95.63
V003BA0012,IONIQ5_LONGRANGE,Case 2,세그먼트(MID_SUV_EGMP) 중심 가중 베이스라인 (w=0.54),충분,보통,6.93,98.03,446,3,1.056,0.227,100.75
V000CC0002,EV6_LONGRANGE,Case 1,차종(EV6_LONGRANGE) 중심 가중 베이스라인 (w=1.00),충분,높음,7.04,98.1,34,0,0.995,0.151,97.84
V002CG0009,EV4_LONGRANGE,Case 2,세그먼트(SMALL_SUV) 중심 가중 베이스라인 (w=0.15),충분,보통,7.53,98.11,58,0,1.055,0.223,100.75
V000CB0094,IONIQ5_N,Case 2,세그먼트(PERFORMANCE) 중심 가중 베이스라인 (w=0.27),충분,보통,4.44,98.15,214,0,1.036,0.156,99.92
V000BE0030,IONIQ5_LONGRANGE,Case 2,세그먼트(MID_SUV_EGMP) 중심 가중 베이스라인 (w=0.54),충분,보통,6.78,98.15,98,0,1.013,0.123,98.8
V008CG0033,PORTER2,Case 2,세그먼트(COMMERCIAL_TRUCK) 중심 가중 베이스라인 (w=0.33),충분,보통,3.93,98.22,55,0,1.031,0.14,99.72
V011BE0008,PORTER2,Case 2,세그먼트(COMMERCIAL_TRUCK) 중심 가중 베이스라인 (w=0.33),충분,보통,3.98,98.24,452,4,1.104,0.142,103.22
V018BE0000,NIRO2,Case 2,유사 세그먼트(SMALL_SUV) 계절별 평균 연비,충분,보통,7.71,98.25,449,4,1.037,0.197,100.03
V004CA0001,EV6_LONGRANGE,Case 1,차종(EV6_LONGRANGE) 중심 가중 베이스라인 (w=1.00),충분,높음,7.22,98.25,268,0,1.02,0.165,99.21
V000BH0002,IONIQ5_LONGRANGE,Case 2,세그먼트(MID_SUV_EGMP) 중심 가중 베이스라인 (w=0.54),충분,보통,6.68,98.27,230,0,1.172,0.191,106.4
V000CB0009,GV70,Case 3,ReVIN (Segment:PREMIUM_LUXURY 매핑),부족,낮음,6.36,98.29,203,0,0.927,0.137,94.63
V003BA0022,IONIQ5_LONGRANGE,Case 2,세그먼트(MID_SUV_EGMP) 중심 가중 베이스라인 (w=0.54),충분,보통,6.99,98.29,59,0,1.046,0.191,100.54
V000CC0032,THE_NEW_IONIQ5_LONGRANGE,Case 2,세그먼트(MID_SUV_EGMP) 중심 가중 베이스라인 (w=0.61),충분,보통,6.65,98.3,120,0,1.09,0.282,102.65
V021BA0000,EV9,Case 2,세그먼트(LARGE_SUV_EGMP) 중심 가중 베이스라인 (w=0.83),충분,보통,5.85,98.32,368,1,0.987,0.171,97.67
V03CD0059,IONIQ5_LONGRANGE,Case 2,세그먼트(MID_SUV_EGMP) 중심 가중 베이스라인 (w=0.54),충분,보통,6.69,98.33,68,0,1.059,0.162,101.19
V012BE0030,BONGO3,Case 1,차종(BONGO3) 중심 가중 베이스라인 (w=1.00),충분,높음,4.35,98.34,69,0,0.953,0.15,96.0
V000CB0036,NIRO_LONGRANGE,Case 2,세그먼트(SMALL_SUV) 중심 가중 베이스라인 (w=0.01),충분,보통,7.27,98.35,54,0,1.035,0.115,100.03
V003AK0001,IONIQ5_LONGRANGE,Case 2,세그먼트(MID_SUV_EGMP) 중심 가중 베이스라인 (w=0.54),충분,보통,6.58,98.5,73,0,1.209,0.176,108.29
V004CG0022,EV9,Case 2,세그먼트(LARGE_SUV_EGMP) 중심 가중 베이스라인 (w=0.83),충분,보통,4.38,98.56,112,0,1.26,0.226,110.62
V012BE0014,BONGO3,Case 1,차종(BONGO3) 중심 가중 베이스라인 (w=1.00),충분,높음,4.37,98.58,69,0,0.946,0.127,95.89
V000CD0097,PORTER2,Case 2,세그먼트(COMMERCIAL_TRUCK) 중심 가중 베이스라인 (w=0.33),충분,보통,3.93,98.59,158,0,1.064,0.149,101.69
V007BE0000,NIRO_LONGRANGE,Case 2,세그먼트(SMALL_SUV) 중심 가중 베이스라인 (w=0.01),충분,보통,7.3,98.64,62,0,1.026,0.139,99.93
V03CD0130,IONIQ5_LONGRANGE,Case 2,세그먼트(MID_SUV_EGMP) 중심 가중 베이스라인 (w=0.54),충분,보통,6.64,98.65,6,0,1.087,0.128,102.83
V017CF0069,IONIQ5_N,Case 2,세그먼트(PERFORMANCE) 중심 가중 베이스라인 (w=0.27),충분,보통,4.45,98.66,42,0,1.092,0.398,103.08
V000BE0032,IONIQ5_LONGRANGE,Case 2,세그먼트(MID_SUV_EGMP) 중심 가중 베이스라인 (w=0.54),충분,보통,6.99,98.67,472,5,0.993,0.167,98.34
V000CC0074,IONIQ5_LONGRANGE,Case 2,세그먼트(MID_SUV_EGMP) 중심 가중 베이스라인 (w=0.54),충분,보통,6.95,98.68,136,0,0.974,0.181,97.41
V000CD0069,ST1,Case 2,세그먼트(COMMERCIAL_VAN) 중심 가중 베이스라인 (w=0.47),충분,보통,4.61,98.72,37,0,1.141,0.162,105.46
V011BE0005,PORTER2,Case 2,세그먼트(COMMERCIAL_TRUCK) 중심 가중 베이스라인 (w=0.33),충분,보통,4.01,98.76,509,5,1.104,0.209,103.79
V001CG0006,THE_NEW_IONIQ5_LONGRANGE,Case 2,세그먼트(MID_SUV_EGMP) 중심 가중 베이스라인 (w=0.61),충분,보통,6.71,98.77,78,0,1.067,0.198,102.02
V000BD0000,IONIQ5_LONGRANGE,Case 2,세그먼트(MID_SUV_EGMP) 중심 가중 베이스라인 (w=0.54),충분,보통,7.01,98.86,518,6,1.023,0.257,99.99
V000CC0052,EV6_LONGRANGE,Case 1,차종(EV6_LONGRANGE) 중심 가중 베이스라인 (w=1.00),충분,높음,7.28,98.87,216,0,0.981,0.148,97.9
V012BE0064,BONGO3,Case 1,차종(BONGO3) 중심 가중 베이스라인 (w=1.00),충분,높음,4.29,98.88,15,0,0.916,0.122,94.65
V000CC0029,CASPER_LONGRANGE,Case 1,차종(CASPER_LONGRANGE) 중심 가중 베이스라인 (w=1.00),충분,높음,8.3,98.89,216,0,1.019,0.19,99.83
V03CD0129,NIRO_PLUS,Case 2,세그먼트(SMALL_SUV) 중심 가중 베이스라인 (w=0.06),충분,보통,7.56,98.89,80,0,1.033,0.178,100.51
V003BA0004,IONIQ5_LONGRANGE,Case 2,세그먼트(MID_SUV_EGMP) 중심 가중 베이스라인 (w=0.54),충분,보통,6.87,98.91,125,0,0.99,0.144,98.4
V000AL0002,IONIQ5_LONGRANGE,Case 2,세그먼트(MID_SUV_EGMP) 중심 가중 베이스라인 (w=0.54),충분,보통,6.88,98.95,200,0,1.036,0.176,100.71
V007AL0001,NIRO_LONGRANGE,Case 2,세그먼트(SMALL_SUV) 중심 가중 베이스라인 (w=0.01),충분,보통,7.8,99.08,548,7,1.01,0.17,99.58
V000CD0029,NIRO2,Case 2,유사 세그먼트(SMALL_SUV) 계절별 평균 연비,충분,보통,7.78,99.14,183,0,0.966,0.087,97.43
V000CD0033,IONIQ6,Case 3,ReVIN (Segment:MID_SEDAN_EGMP 매핑),부족,낮음,8.99,99.18,186,0,1.0,0.123,99.2
V026CF0141,EV6_LONGRANGE,Case 1,차종(EV6_LONGRANGE) 중심 가중 베이스라인 (w=1.00),충분,높음,7.31,99.24,76,0,0.925,0.152,95.43
V011BE0035,PORTER2,Case 3,ReVIN (Segment:COMMERCIAL_TRUCK 매핑),부족,낮음,4.4,99.33,169,0,0.996,0.119,99.12
V004BG0004,EV6_LONGRANGE,Case 1,차종(EV6_LONGRANGE) 중심 가중 베이스라인 (w=1.00),충분,높음,7.35,99.36,410,2,1.047,0.252,101.65
V000CA0004,IONIQ5_LONGRANGE,Case 2,세그먼트(MID_SUV_EGMP) 중심 가중 베이스라인 (w=0.54),충분,보통,7.16,99.37,90,0,1.159,0.302,106.99
V003BD0001,IONIQ5_LONGRANGE,Case 2,세그먼트(MID_SUV_EGMP) 중심 가중 베이스라인 (w=0.54),충분,보통,6.87,99.39,81,0,1.02,0.198,100.37
V020CE0035,IONIQ5_LONGRANGE,Case 2,세그먼트(MID_SUV_EGMP) 중심 가중 베이스라인 (w=0.54),충분,보통,7.03,99.44,43,0,1.01,0.203,99.96
V000CC0011,THE_NEW_IONIQ5_LONGRANGE,Case 2,세그먼트(MID_SUV_EGMP) 중심 가중 베이스라인 (w=0.61),충분,보통,6.82,99.57,125,0,1.015,0.155,100.34
V000CD0055,ST1,Case 2,세그먼트(COMMERCIAL_VAN) 중심 가중 베이스라인 (w=0.47),충분,보통,4.72,99.59,41,0,1.159,0.249,107.21
V000BE0026,IONIQ5_LONGRANGE,Case 2,세그먼트(MID_SUV_EGMP) 중심 가중 베이스라인 (w=0.54),충분,보통,6.89,99.61,17,0,1.021,0.218,100.63
V001BG0000,IONIQ5,Case 2,유사 세그먼트(MID_SUV_EGMP) 계절별 평균 연비,충분,보통,6.66,99.63,167,0,1.223,0.275,110.19
V03BA0024,IONIQ5_LONGRANGE,Case 2,세그먼트(MID_SUV_EGMP) 중심 가중 베이스라인 (w=0.54),충분,보통,6.76,99.69,280,0,1.122,0.214,105.61
V030CF0179,KONA_LONGRANGE,Case 2,유사 세그먼트(SMALL_SUV) 계절별 평균 연비,충분,보통,7.85,99.69,56,0,1.0,0.125,99.68
V012BD0027,BONGO3,Case 1,차종(BONGO3) 중심 가중 베이스라인 (w=1.00),충분,높음,4.49,99.73,449,3,0.957,0.114,97.58
V005CF0006,IONIQ5_LONGRANGE,Case 2,세그먼트(MID_SUV_EGMP) 중심 가중 베이스라인 (w=0.54),충분,보통,7.08,99.81,14,0,0.971,0.173,98.35
V003BE0000,IONIQ5_LONGRANGE,Case 2,세그먼트(MID_SUV_EGMP) 중심 가중 베이스라인 (w=0.54),충분,보통,7.1,99.82,116,0,0.952,0.133,97.38
V005CG0025,EV6_LONGRANGE,Case 1,차종(EV6_LONGRANGE) 중심 가중 베이스라인 (w=1.00),충분,높음,7.37,99.83,48,0,0.905,0.108,94.97
V007AJ0000,NIRO_LONGRANGE,Case 2,세그먼트(SMALL_SUV) 중심 가중 베이스라인 (w=0.01),충분,보통,7.89,99.87,706,11,1.028,0.282,101.27
V000CB0100,PORTER2,Case 2,세그먼트(COMMERCIAL_TRUCK) 중심 가중 베이스라인 (w=0.33),충분,보통,4.07,99.9,97,0,0.978,0.078,98.8
V029BL0001,EV3_LONGRANGE,Case 1,차종(EV3_LONGRANGE) 중심 가중 베이스라인 (w=1.00),충분,높음,7.68,99.94,272,0,1.096,0.214,104.6
V004BF0004,EV6_LONGRANGE,Case 1,차종(EV6_LONGRANGE) 중심 가중 베이스라인 (w=1.00),충분,높음,7.42,99.95,107,0,0.935,0.158,96.63
V000CB0041,IONIQ5_LONGRANGE,Case 2,세그먼트(MID_SUV_EGMP) 중심 가중 베이스라인 (w=0.54),충분,보통,7.12,99.96,215,0,0.992,0.183,99.54
V000CD0014,EV6_LONGRANGE,Case 1,차종(EV6_LONGRANGE) 중심 가중 베이스라인 (w=1.00),충분,높음,7.43,100.01,34,0,1.013,0.246,100.65
V026CH0041,ST1,Case 2,세그먼트(COMMERCIAL_VAN) 중심 가중 베이스라인 (w=0.47),충분,보통,4.78,100.03,39,0,1.182,0.193,108.73
V004BJ0001,EV6_LONGRANGE,Case 1,차종(EV6_LONGRANGE) 중심 가중 베이스라인 (w=1.00),충분,높음,7.68,100.05,158,0,0.991,0.241,99.61
V015CG0054,G80,Case 3,ReVIN (Segment:PREMIUM_LUXURY 매핑),부족,낮음,6.56,100.07,74,0,1.014,0.125,100.78
V000BC0002,IONIQ5_LONGRANGE,Case 2,세그먼트(MID_SUV_EGMP) 중심 가중 베이스라인 (w=0.54),충분,보통,7.03,100.11,19,0,0.976,0.161,98.88
V002CJ0008,EV6_LONGRANGE,Case 1,차종(EV6_LONGRANGE) 중심 가중 베이스라인 (w=1.00),충분,높음,7.46,100.12,15,0,0.891,0.129,94.52
V000CB0058,IONIQ5_LONGRANGE,Case 2,세그먼트(MID_SUV_EGMP) 중심 가중 베이스라인 (w=0.54),충분,보통,7.14,100.12,217,0,0.981,0.226,99.16
V011BE0001,PORTER2,Case 2,세그먼트(COMMERCIAL_TRUCK) 중심 가중 베이스라인 (w=0.33),충분,보통,4.09,100.14,510,5,1.064,0.174,103.3
V011CA0000,PORTER2,Case 2,세그먼트(COMMERCIAL_TRUCK) 중심 가중 베이스라인 (w=0.33),충분,보통,4.55,100.19,141,0,0.946,0.143,97.46
V012BE0140,BONGO3,Case 2,유사 세그먼트(COMMERCIAL_TRUCK) 계절별 평균 연비,충분,보통,4.12,100.2,29,0,0.975,0.244,98.95
V000CC0037,EV3_LONGRANGE,Case 1,차종(EV3_LONGRANGE) 중심 가중 베이스라인 (w=1.00),충분,높음,7.78,100.23,9,0,0.996,0.15,100.03
V012BD0005,BONGO3,Case 1,차종(BONGO3) 중심 가중 베이스라인 (w=1.00),충분,높음,4.2,100.23,19,0,0.986,0.104,99.54
V03CD0121,KONA_LONGRANGE,Case 2,유사 세그먼트(SMALL_SUV) 계절별 평균 연비,충분,보통,7.98,100.25,68,0,0.996,0.158,100.05
V025CF0138,CASPER_LONGRANGE,Case 1,차종(CASPER_LONGRANGE) 중심 가중 베이스라인 (w=1.00),충분,높음,8.51,100.27,80,0,0.947,0.139,97.58
V003BD0000,IONIQ5_LONGRANGE,Case 2,세그먼트(MID_SUV_EGMP) 중심 가중 베이스라인 (w=0.54),충분,보통,7.08,100.27,71,0,0.942,0.145,97.31
V012BD0028,BONGO3,Case 1,차종(BONGO3) 중심 가중 베이스라인 (w=1.00),충분,높음,4.21,100.27,9,0,0.985,0.124,99.52
TESTEV9,EV9,Case 2,세그먼트(LARGE_SUV_EGMP) 중심 가중 베이스라인 (w=0.83),충분,보통,4.54,100.33,626,9,1.14,0.232,107.11
V028CF0166,BONGO3,Case 2,유사 세그먼트(COMMERCIAL_TRUCK) 계절별 평균 연비,충분,보통,4.14,100.38,74,0,0.946,0.261,97.64
V026CF0143,EV9,Case 2,세그먼트(LARGE_SUV_EGMP) 중심 가중 베이스라인 (w=0.83),충분,보통,4.57,100.42,49,0,1.125,0.332,106.51
V012BE0136,BONGO3,Case 1,차종(BONGO3) 중심 가중 베이스라인 (w=1.00),충분,높음,4.2,100.44,147,0,1.1,0.181,105.35
V000CC0044,EV3_LONGRANGE,Case 1,차종(EV3_LONGRANGE) 중심 가중 베이스라인 (w=1.00),충분,높음,7.73,100.44,15,0,0.955,0.151,98.16
V003CE0000,SOUL_LONGRANGE,Case 2,유사 세그먼트(SMALL_SUV) 계절별 평균 연비,충분,보통,7.97,100.45,141,0,0.842,0.2,92.17
V015CF0055,EV3_LONGRANGE,Case 1,차종(EV3_LONGRANGE) 중심 가중 베이스라인 (w=1.00),충분,높음,7.85,100.46,24,0,0.984,0.139,99.66
V012BE0013,BONGO3,Case 1,차종(BONGO3) 중심 가중 베이스라인 (w=1.00),충분,높음,4.54,100.47,310,0,0.981,0.197,99.52
V018CF0078,CASPER_LONGRANGE,Case 1,차종(CASPER_LONGRANGE) 중심 가중 베이스라인 (w=1.00),충분,높음,8.64,100.49,22,0,0.968,0.242,98.86
V03BA0027,IONIQ5_LONGRANGE,Case 2,세그먼트(MID_SUV_EGMP) 중심 가중 베이스라인 (w=0.54),충분,보통,7.3,100.49,370,1,0.999,0.232,100.42
V005CH0003,IONIQ5_LONGRANGE,Case 2,세그먼트(MID_SUV_EGMP) 중심 가중 베이스라인 (w=0.54),충분,보통,7.24,100.5,41,0,1.094,0.43,105.11
V000CC0043,IONIQ5_LONGRANGE,Case 2,세그먼트(MID_SUV_EGMP) 중심 가중 베이스라인 (w=0.54),충분,보통,7.25,100.51,14,0,0.954,0.136,98.18
V011BE0003,PORTER2,Case 2,세그먼트(COMMERCIAL_TRUCK) 중심 가중 베이스라인 (w=0.33),충분,보통,4.11,100.52,413,2,1.093,0.192,105.09
V015CF0054,IONIQ6_STANDARD,Case 3,ReVIN (Segment:MID_SEDAN_EGMP 매핑),부족,낮음,9.36,100.55,8,0,1.029,0.184,101.98
V03BA0025,EV6_LONGRANGE,Case 1,차종(EV6_LONGRANGE) 중심 가중 베이스라인 (w=1.00),충분,높음,6.83,100.58,293,0,1.11,0.237,105.98
V004BB0000,EV6_LONGRANGE,Case 1,차종(EV6_LONGRANGE) 중심 가중 베이스라인 (w=1.00),충분,높음,6.83,100.61,314,0,1.058,0.202,103.5
V000BA0008,IONIQ5_LONGRANGE,Case 2,세그먼트(MID_SUV_EGMP) 중심 가중 베이스라인 (w=0.54),충분,보통,7.19,100.62,504,3,0.998,0.205,100.51
V03CD0060,NIRO_PLUS,Case 2,세그먼트(SMALL_SUV) 중심 가중 베이스라인 (w=0.06),충분,보통,8.1,100.62,77,0,1.073,0.264,104.21
V000BE0013,IONIQ5_LONGRANGE,Case 2,세그먼트(MID_SUV_EGMP) 중심 가중 베이스라인 (w=0.54),충분,보통,7.24,100.64,73,0,0.953,0.115,98.27
V020BG0010,IONIQ,Case 3,ReVIN (Segment:OLD_GEN_EFFICIENT 매핑),부족,낮음,6.64,100.65,100,0,1.231,0.221,111.68
V000CB0033,IONIQ5_LONGRANGE,Case 2,세그먼트(MID_SUV_EGMP) 중심 가중 베이스라인 (w=0.54),충분,보통,7.11,100.68,94,0,0.955,0.14,98.39
V014CI0029,IONIQ5_LONGRANGE,Case 2,세그먼트(MID_SUV_EGMP) 중심 가중 베이스라인 (w=0.54),충분,보통,7.24,100.69,34,0,0.947,0.148,98.0
V03BA0023,EV6_LONGRANGE,Case 1,차종(EV6_LONGRANGE) 중심 가중 베이스라인 (w=1.00),충분,높음,6.76,100.72,248,0,1.048,0.159,103.13
V004BA0015,EV6_LONGRANGE,Case 1,차종(EV6_LONGRANGE) 중심 가중 베이스라인 (w=1.00),충분,높음,7.01,100.74,16,0,1.066,0.146,103.99
V020CE0040,THE_NEW_IONIQ5_LONGRANGE,Case 2,세그먼트(MID_SUV_EGMP) 중심 가중 베이스라인 (w=0.61),충분,보통,7.12,100.74,7,0,1.063,0.248,103.85
V011BE0024,PORTER2,Case 2,세그먼트(COMMERCIAL_TRUCK) 중심 가중 베이스라인 (w=0.33),충분,보통,4.13,100.74,468,4,1.095,0.239,105.43
V002CJ0007,EV6_LONGRANGE,Case 1,차종(EV6_LONGRANGE) 중심 가중 베이스라인 (w=1.00),충분,높음,7.66,100.75,14,0,0.923,0.123,96.79
V012BE0033,BONGO3,Case 2,유사 세그먼트(COMMERCIAL_TRUCK) 계절별 평균 연비,충분,보통,4.13,100.75,509,5,1.008,0.157,101.14
V004BA0025,EV6_LONGRANGE,Case 1,차종(EV6_LONGRANGE) 중심 가중 베이스라인 (w=1.00),충분,높음,7.52,100.79,222,0,0.92,0.158,96.7
V000CA0016,IONIQ5_LONGRANGE,Case 2,세그먼트(MID_SUV_EGMP) 중심 가중 베이스라인 (w=0.54),충분,보통,7.06,100.82,16,0,1.161,0.332,108.64
V012BD0001,BONGO3,Case 2,유사 세그먼트(COMMERCIAL_TRUCK) 계절별 평균 연비,충분,보통,4.13,100.82,413,2,1.035,0.142,102.57
V005CG0026,IONIQ5_LONGRANGE,Case 2,세그먼트(MID_SUV_EGMP) 중심 가중 베이스라인 (w=0.54),충분,보통,7.31,100.84,34,0,0.988,0.21,100.25
V011BD0001,PORTER2,Case 2,세그먼트(COMMERCIAL_TRUCK) 중심 가중 베이스라인 (w=0.33),충분,보통,4.13,100.84,475,4,1.057,0.128,103.69
V022CG0059,KONA_LONGRANGE,Case 2,유사 세그먼트(SMALL_SUV) 계절별 평균 연비,충분,보통,8.04,100.85,90,0,0.992,0.14,100.45
V004BE0004,EV6_LONGRANGE,Case 1,차종(EV6_LONGRANGE) 중심 가중 베이스라인 (w=1.00),충분,높음,7.77,100.85,407,3,0.966,0.169,99.12
V018BI0000,NIRO2,Case 2,유사 세그먼트(SMALL_SUV) 계절별 평균 연비,충분,보통,7.82,100.92,179,0,0.966,0.213,99.19
V003CG0016,CASPER_LONGRANGE,Case 1,차종(CASPER_LONGRANGE) 중심 가중 베이스라인 (w=1.00),충분,높음,8.78,100.93,65,0,0.925,0.189,97.1
V000BA0004,IONIQ5_LONGRANGE,Case 2,세그먼트(MID_SUV_EGMP) 중심 가중 베이스라인 (w=0.54),충분,보통,7.37,100.97,194,0,1.029,0.258,102.43
V011BE0000,PORTER2,Case 2,세그먼트(COMMERCIAL_TRUCK) 중심 가중 베이스라인 (w=0.33),충분,보통,4.69,100.99,15,0,0.96,0.199,98.96
V013BL0002,IONIQ6_LONGRANGE,Case 3,ReVIN (Segment:MID_SEDAN_EGMP 매핑),부족,낮음,9.26,101.01,284,0,0.917,0.233,96.75
V007CG0030,EV6_LONGRANGE,Case 1,차종(EV6_LONGRANGE) 중심 가중 베이스라인 (w=1.00),충분,높음,7.69,101.13,50,0,0.926,0.149,97.3
V011BD0009,PORTER2,Case 2,세그먼트(COMMERCIAL_TRUCK) 중심 가중 베이스라인 (w=0.33),충분,보통,4.22,101.14,147,0,0.958,0.111,99.0
V03BA0032,IONIQ5_LONGRANGE,Case 2,세그먼트(MID_SUV_EGMP) 중심 가중 베이스라인 (w=0.54),충분,보통,7.13,101.16,392,2,0.973,0.234,99.81
V000BA0005,IONIQ5_LONGRANGE,Case 2,세그먼트(MID_SUV_EGMP) 중심 가중 베이스라인 (w=0.54),충분,보통,7.27,101.17,247,0,0.971,0.22,99.7
V004BA0001,EV6_LONGRANGE,Case 1,차종(EV6_LONGRANGE) 중심 가중 베이스라인 (w=1.00),충분,높음,7.55,101.21,494,4,0.934,0.27,97.83
V008CG0031,EV4_LONGRANGE,Case 2,세그먼트(SMALL_SUV) 중심 가중 베이스라인 (w=0.15),충분,보통,8.17,101.22,27,0,0.929,0.093,97.57
V000CC0016,IONIQ5_LONGRANGE,Case 2,세그먼트(MID_SUV_EGMP) 중심 가중 베이스라인 (w=0.54),충분,보통,7.28,101.22,217,0,0.936,0.164,97.92
V004BF0002,EV6_LONGRANGE,Case 1,차종(EV6_LONGRANGE) 중심 가중 베이스라인 (w=1.00),충분,높음,7.55,101.23,483,4,0.963,0.193,99.33
V000BL0011,IONIQ5_LONGRANGE,Case 2,세그먼트(MID_SUV_EGMP) 중심 가중 베이스라인 (w=0.54),충분,보통,7.17,101.25,185,0,1.023,0.187,102.4
V012BE0015,BONGO3,Case 2,유사 세그먼트(COMMERCIAL_TRUCK) 계절별 평균 연비,충분,보통,4.28,101.25,20,0,0.942,0.154,98.26
V011BE0014,PORTER2,Case 2,세그먼트(COMMERCIAL_TRUCK) 중심 가중 베이스라인 (w=0.33),충분,보통,4.18,101.3,465,1,1.014,0.19,101.99
V012CF0033,CASPER_LONGRANGE,Case 1,차종(CASPER_LONGRANGE) 중심 가중 베이스라인 (w=1.00),충분,높음,8.82,101.31,21,0,0.907,0.205,96.46
V031CA0001,CASPER_LONGRANGE,Case 1,차종(CASPER_LONGRANGE) 중심 가중 베이스라인 (w=1.00),충분,높음,9.02,101.32,99,0,0.935,0.168,97.99
V001BB0001,IONIQ5,Case 2,유사 세그먼트(MID_SUV_EGMP) 계절별 평균 연비,충분,보통,7.33,101.37,447,3,1.017,0.275,102.22
V013CG0047,EV3_LONGRANGE,Case 1,차종(EV3_LONGRANGE) 중심 가중 베이스라인 (w=1.00),충분,높음,7.91,101.38,91,0,1.002,0.087,101.47
V000BL0007,IONIQ5_LONGRANGE,Case 2,세그먼트(MID_SUV_EGMP) 중심 가중 베이스라인 (w=0.54),충분,보통,7.28,101.38,286,0,1.02,0.214,102.41
V012BE0023,BONGO3,Case 2,유사 세그먼트(COMMERCIAL_TRUCK) 계절별 평균 연비,충분,보통,4.17,101.39,488,4,1.021,0.151,102.45
V011BD0008,PORTER2,Case 2,세그먼트(COMMERCIAL_TRUCK) 중심 가중 베이스라인 (w=0.33),충분,보통,4.17,101.42,567,7,1.052,0.13,104.01
V003BL0003,IONIQ5_LONGRANGE,Case 2,세그먼트(MID_SUV_EGMP) 중심 가중 베이스라인 (w=0.54),충분,보통,7.21,101.43,21,0,1.164,0.279,109.42
V004BE0002,EV6_LONGRANGE,Case 1,차종(EV6_LONGRANGE) 중심 가중 베이스라인 (w=1.00),충분,높음,7.57,101.43,489,5,0.967,0.199,99.76
V000BE0006,IONIQ5_LONGRANGE,Case 2,세그먼트(MID_SUV_EGMP) 중심 가중 베이스라인 (w=0.54),충분,보통,7.36,101.44,58,0,0.918,0.137,97.17
V003BF0002,IONIQ5_LONGRANGE,Case 2,세그먼트(MID_SUV_EGMP) 중심 가중 베이스라인 (w=0.54),충분,보통,7.28,101.45,474,4,0.983,0.222,100.61
V009CG0037,IONIQ5_LONGRANGE,Case 2,세그먼트(MID_SUV_EGMP) 중심 가중 베이스라인 (w=0.54),충분,보통,7.44,101.46,55,0,0.922,0.139,97.43
V029CA0000,EV3_LONGRANGE,Case 1,차종(EV3_LONGRANGE) 중심 가중 베이스라인 (w=1.00),충분,높음,8.13,101.46,26,0,1.245,0.153,113.23
V004BE0006,EV6_LONGRANGE,Case 1,차종(EV6_LONGRANGE) 중심 가중 베이스라인 (w=1.00),충분,높음,7.78,101.49,58,0,0.917,0.143,97.19
V000BH0015,IONIQ5_LONGRANGE,Case 2,세그먼트(MID_SUV_EGMP) 중심 가중 베이스라인 (w=0.54),충분,보통,7.19,101.58,253,0,1.027,0.191,102.94
V012BD0018,BONGO3,Case 2,유사 세그먼트(COMMERCIAL_TRUCK) 계절별 평균 연비,충분,보통,4.18,101.58,510,5,1.036,0.148,103.41
V021CF0096,EV6_LONGRANGE,Case 1,차종(EV6_LONGRANGE) 중심 가중 베이스라인 (w=1.00),충분,높음,7.67,101.63,77,0,0.863,0.096,94.44
V009BH0000,KONA_LONGRANGE,Case 2,유사 세그먼트(SMALL_SUV) 계절별 평균 연비,충분,보통,8.09,101.63,396,2,0.986,0.148,100.92
V011BE0010,PORTER2,Case 2,세그먼트(COMMERCIAL_TRUCK) 중심 가중 베이스라인 (w=0.33),충분,보통,4.65,101.65,301,0,0.976,0.151,100.41
V027CH0047,CASPER_STANDARD,Case 2,유사 세그먼트(LIGHT_CAR) 계절별 평균 연비,충분,보통,8.77,101.67,35,0,1.001,0.089,101.71
V000CA0024,CASPER_LONGRANGE,Case 1,차종(CASPER_LONGRANGE) 중심 가중 베이스라인 (w=1.00),충분,높음,8.97,101.77,103,0,0.985,0.118,101.0
V025CG0062,EV3_LONGRANGE,Case 1,차종(EV3_LONGRANGE) 중심 가중 베이스라인 (w=1.00),충분,높음,8.09,101.78,90,0,1.002,0.188,101.9
V009BL0003,KONA_LONGRANGE,Case 2,유사 세그먼트(SMALL_SUV) 계절별 평균 연비,충분,보통,8.14,101.86,288,0,1.101,0.288,106.87
V003CI0005,KONA_LONGRANGE,Case 2,유사 세그먼트(SMALL_SUV) 계절별 평균 연비,충분,보통,8.32,101.86,35,0,0.94,0.139,98.77
V011BD0010,PORTER2,Case 2,세그먼트(COMMERCIAL_TRUCK) 중심 가중 베이스라인 (w=0.33),충분,보통,4.24,101.87,501,3,0.994,0.141,101.56
V020BG0006,IONIQ,Case 3,ReVIN (Segment:OLD_GEN_EFFICIENT 매핑),부족,낮음,6.78,101.91,169,0,1.203,0.212,111.78
V012BD0025,BONGO3,Case 2,유사 세그먼트(COMMERCIAL_TRUCK) 계절별 평균 연비,충분,보통,4.23,102.02,184,0,0.97,0.169,100.46
V011BE0033,PORTER2,Case 2,세그먼트(COMMERCIAL_TRUCK) 중심 가중 베이스라인 (w=0.33),충분,보통,4.43,102.11,302,0,1.065,0.141,105.35
V000CD0077,EV3,Case 2,세그먼트(SMALL_SUV) 중심 가중 베이스라인 (w=0.17),충분,보통,8.08,102.12,102,0,0.98,0.178,101.11
V012BE0045,BONGO3,Case 2,유사 세그먼트(COMMERCIAL_TRUCK) 계절별 평균 연비,충분,보통,4.26,102.14,87,0,0.949,0.105,99.51
V012BE0079,BONGO3,Case 1,차종(BONGO3) 중심 가중 베이스라인 (w=1.00),충분,높음,4.3,102.14,262,0,1.074,0.186,105.87
V021BK0000,EV9,Case 2,세그먼트(LARGE_SUV_EGMP) 중심 가중 베이스라인 (w=0.83),충분,보통,4.98,102.21,10,0,1.163,0.127,110.25
V012BE0126,BONGO3,Case 3,ReVIN (Segment:COMMERCIAL_TRUCK 매핑),부족,낮음,4.67,102.26,194,0,0.957,0.196,100.03
V009BE0001,KONA_LONGRANGE,Case 2,유사 세그먼트(SMALL_SUV) 계절별 평균 연비,충분,보통,8.17,102.3,497,0,1.013,0.173,102.97
V005CI0012,IONIQ5_LONGRANGE,Case 2,세그먼트(MID_SUV_EGMP) 중심 가중 베이스라인 (w=0.54),충분,보통,7.49,102.31,33,0,0.919,0.162,98.1
V000CD0059,EV3_LONGRANGE,Case 1,차종(EV3_LONGRANGE) 중심 가중 베이스라인 (w=1.00),충분,높음,8.13,102.4,178,0,1.006,0.245,102.7
V009BL0001,KONA_LONGRANGE,Case 2,유사 세그먼트(SMALL_SUV) 계절별 평균 연비,충분,보통,8.38,102.4,157,0,0.926,0.2,98.52
V000CD0036,ST1,Case 2,세그먼트(COMMERCIAL_VAN) 중심 가중 베이스라인 (w=0.47),충분,보통,5.11,102.41,145,0,1.069,0.211,105.9
V03CF0022,IONIQ9,Case 2,세그먼트(LARGE_SUV_EGMP) 중심 가중 베이스라인 (w=0.24),충분,보통,5.64,102.47,8,0,1.023,0.134,103.63
V009CF0014,THE_NEW_IONIQ5_LONGRANGE,Case 2,세그먼트(MID_SUV_EGMP) 중심 가중 베이스라인 (w=0.61),충분,보통,7.36,102.49,36,0,0.994,0.186,102.16
V000BG0009,IONIQ5_LONGRANGE,Case 2,세그먼트(MID_SUV_EGMP) 중심 가중 베이스라인 (w=0.54),충분,보통,7.5,102.52,76,0,0.945,0.148,99.67
V011BE0025,PORTER2,Case 2,세그먼트(COMMERCIAL_TRUCK) 중심 가중 베이스라인 (w=0.33),충분,보통,4.47,102.54,242,0,1.014,0.137,103.26
V012BE0031,BONGO3,Case 2,유사 세그먼트(COMMERCIAL_TRUCK) 계절별 평균 연비,충분,보통,4.31,102.57,124,0,0.941,0.203,99.51
V021CF0098,IONIQ5_LONGRANGE,Case 2,세그먼트(MID_SUV_EGMP) 중심 가중 베이스라인 (w=0.54),충분,보통,7.58,102.61,72,0,0.904,0.188,97.55
V000CC0007,PORTER2,Case 2,세그먼트(COMMERCIAL_TRUCK) 중심 가중 베이스라인 (w=0.33),충분,보통,4.27,102.63,216,0,0.926,0.223,98.78
V004BA0002,EV6_LONGRANGE,Case 1,차종(EV6_LONGRANGE) 중심 가중 베이스라인 (w=1.00),충분,높음,7.34,102.64,35,0,0.881,0.229,96.33
V011BL0000,PORTER2,Case 2,세그먼트(COMMERCIAL_TRUCK) 중심 가중 베이스라인 (w=0.33),충분,보통,4.52,102.64,104,0,0.984,0.172,101.81
V000CC0010,CASPER_LONGRANGE,Case 1,차종(CASPER_LONGRANGE) 중심 가중 베이스라인 (w=1.00),충분,높음,9.43,102.74,15,0,1.003,0.208,102.9
V000BB0001,IONIQ5_LONGRANGE,Case 2,세그먼트(MID_SUV_EGMP) 중심 가중 베이스라인 (w=0.54),충분,보통,7.48,102.74,166,0,0.929,0.185,99.01
V012BE0041,BONGO3,Case 2,유사 세그먼트(COMMERCIAL_TRUCK) 계절별 평균 연비,충분,보통,4.24,102.74,404,1,1.02,0.234,103.78
V004BH0002,EV6_LONGRANGE,Case 1,차종(EV6_LONGRANGE) 중심 가중 베이스라인 (w=1.00),충분,높음,7.76,102.78,245,0,0.967,0.234,101.04
V009BE0000,KONA_LONGRANGE,Case 2,세그먼트(SMALL_SUV) 중심 가중 베이스라인 (w=0.04),충분,보통,7.93,102.8,183,0,1.055,0.276,105.61
V009BL0004,KONA_LONGRANGE,Case 2,유사 세그먼트(SMALL_SUV) 계절별 평균 연비,충분,보통,8.26,102.85,288,0,1.003,0.215,102.99
V000CD0084,IONIQ5_LONGRANGE,Case 2,세그먼트(MID_SUV_EGMP) 중심 가중 베이스라인 (w=0.54),충분,보통,7.51,102.92,167,0,0.897,0.14,97.5
V021BI0003,EV9,Case 2,세그먼트(LARGE_SUV_EGMP) 중심 가중 베이스라인 (w=0.83),충분,보통,4.7,102.93,339,0,1.179,0.264,111.75
V031BL0000,CASPER_LONGRANGE,Case 1,차종(CASPER_LONGRANGE) 중심 가중 베이스라인 (w=1.00),충분,높음,8.86,102.99,281,0,0.991,0.195,102.54
V007BL0000,NIRO_LONGRANGE,Case 2,세그먼트(SMALL_SUV) 중심 가중 베이스라인 (w=0.01),충분,보통,8.08,103.0,202,0,1.057,0.211,105.92
V016CF0065,KONA_LONGRANGE,Case 2,유사 세그먼트(SMALL_SUV) 계절별 평균 연비,충분,보통,8.64,103.06,52,0,0.925,0.155,99.13
V000CD0024,ST1,Case 2,세그먼트(COMMERCIAL_VAN) 중심 가중 베이스라인 (w=0.47),충분,보통,5.04,103.06,181,0,1.025,0.126,104.35
SITESTKONA,KONA_LONGRANGE,Case 2,유사 세그먼트(SMALL_SUV) 계절별 평균 연비,충분,보통,8.08,103.08,254,0,1.062,0.221,106.25
V000CD0064,EV6_LONGRANGE,Case 1,차종(EV6_LONGRANGE) 중심 가중 베이스라인 (w=1.00),충분,높음,8.46,103.08,53,0,0.732,0.139,88.17
V012BD0019,BONGO3,Case 1,차종(BONGO3) 중심 가중 베이스라인 (w=1.00),충분,높음,4.35,103.14,360,0,0.99,0.145,102.61
V000CC0005,EV6_LONGRANGE,Case 1,차종(EV6_LONGRANGE) 중심 가중 베이스라인 (w=1.00),충분,높음,7.82,103.15,215,0,0.877,0.175,96.6
V000BB0002,IONIQ5_LONGRANGE,Case 2,세그먼트(MID_SUV_EGMP) 중심 가중 베이스라인 (w=0.54),충분,보통,7.54,103.15,166,0,0.909,0.218,98.35
TESTBONGO,BONGO3,Case 2,유사 세그먼트(COMMERCIAL_TRUCK) 계절별 평균 연비,충분,보통,4.36,103.19,469,1,0.948,0.109,100.46
V003AL0003,IONIQ5_LONGRANGE,Case 2,세그먼트(MID_SUV_EGMP) 중심 가중 베이스라인 (w=0.54),충분,보통,7.33,103.2,375,1,0.978,0.263,102.08
V008CH0005,EV6_LONGRANGE,Case 1,차종(EV6_LONGRANGE) 중심 가중 베이스라인 (w=1.00),충분,높음,8.47,103.28,14,0,0.823,0.127,93.72
V000CD0038,ST1,Case 2,세그먼트(COMMERCIAL_VAN) 중심 가중 베이스라인 (w=0.47),충분,보통,5.16,103.3,35,0,1.08,0.161,107.36
V024CF0129,KONA_LONGRANGE,Case 2,유사 세그먼트(SMALL_SUV) 계절별 평균 연비,충분,보통,8.72,103.32,78,0,0.925,0.122,99.35
V026CF0145,EV3_STANDARD,Case 2,세그먼트(SMALL_SUV) 중심 가중 베이스라인 (w=0.09),충분,보통,8.71,103.43,73,0,0.956,0.164,101.15
V011CG0043,EV6_LONGRANGE,Case 1,차종(EV6_LONGRANGE) 중심 가중 베이스라인 (w=1.00),충분,높음,7.95,103.5,91,0,0.879,0.146,97.01
V005CA0000,EV6,Case 2,유사 세그먼트(MID_SUV_EGMP) 계절별 평균 연비,충분,보통,7.59,103.56,284,0,1.028,0.195,105.0
V004BA0028,EV6_LONGRANGE,Case 1,차종(EV6_LONGRANGE) 중심 가중 베이스라인 (w=1.00),충분,높음,7.45,103.57,70,0,0.939,0.117,100.36
V000CB0085,EV3_LONGRANGE,Case 1,차종(EV3_LONGRANGE) 중심 가중 베이스라인 (w=1.00),충분,높음,8.17,103.63,217,0,0.958,0.125,101.44
V000CD0023,ST1,Case 2,세그먼트(COMMERCIAL_VAN) 중심 가중 베이스라인 (w=0.47),충분,보통,5.41,103.64,107,0,0.944,0.102,100.69
V000CA0038,ST1,Case 2,세그먼트(COMMERCIAL_VAN) 중심 가중 베이스라인 (w=0.47),충분,보통,5.09,103.71,190,0,1.064,0.191,106.95
V026CA000,IONIQ5_N,Case 2,세그먼트(PERFORMANCE) 중심 가중 베이스라인 (w=0.27),충분,보통,4.92,103.71,280,0,1.062,0.216,106.88
V000CA0020,KONA_LONGRANGE,Case 2,유사 세그먼트(SMALL_SUV) 계절별 평균 연비,충분,보통,8.44,103.73,168,0,0.895,0.088,98.13
V009BL0006,KONA_LONGRANGE,Case 2,유사 세그먼트(SMALL_SUV) 계절별 평균 연비,충분,보통,8.36,103.76,302,0,1.007,0.152,104.13
V000BE0014,IONIQ5_LONGRANGE,Case 2,세그먼트(MID_SUV_EGMP) 중심 가중 베이스라인 (w=0.54),충분,보통,7.61,103.9,90,0,0.909,0.121,99.04
V000CB0068,THE_NEW_IONIQ5_LONGRANGE,Case 2,세그먼트(MID_SUV_EGMP) 중심 가중 베이스라인 (w=0.61),충분,보통,7.42,103.91,105,0,0.99,0.121,103.37
V012BD0017,BONGO3,Case 2,유사 세그먼트(COMMERCIAL_TRUCK) 계절별 평균 연비,충분,보통,4.37,103.92,181,0,0.944,0.129,100.96
V027CF0158,IONIQ5_N,Case 2,세그먼트(PERFORMANCE) 중심 가중 베이스라인 (w=0.27),충분,보통,5.32,103.93,7,0,0.879,0.126,97.43
V007CG0005,IONIQ9,Case 2,세그먼트(LARGE_SUV_EGMP) 중심 가중 베이스라인 (w=0.24),충분,보통,5.51,103.95,77,0,1.011,0.186,104.53
V000CC0069,BONGO3,Case 2,유사 세그먼트(COMMERCIAL_TRUCK) 계절별 평균 연비,충분,보통,4.39,103.98,140,0,0.922,0.088,99.83
V015CG0053,THE_NEW_IONIQ5_LONGRANGE,Case 2,세그먼트(MID_SUV_EGMP) 중심 가중 베이스라인 (w=0.61),충분,보통,7.44,103.98,92,0,0.963,0.178,102.02
V000CC0085,IONIQ5_LONGRANGE,Case 2,세그먼트(MID_SUV_EGMP) 중심 가중 베이스라인 (w=0.54),충분,보통,7.73,103.98,182,0,0.911,0.203,99.23
V000AL0003,IONIQ5_LONGRANGE,Case 2,세그먼트(MID_SUV_EGMP) 중심 가중 베이스라인 (w=0.54),충분,보통,7.54,104.0,559,0,0.924,0.182,99.98
V007CG0021,IONIQ9,Case 2,세그먼트(LARGE_SUV_EGMP) 중심 가중 베이스라인 (w=0.24),충분,보통,5.59,104.02,55,0,0.973,0.204,102.59
V000BA0009,IONIQ5_LONGRANGE,Case 2,세그먼트(MID_SUV_EGMP) 중심 가중 베이스라인 (w=0.54),충분,보통,7.22,104.06,286,0,0.984,0.226,103.23
V000BB0000,IONIQ5_LONGRANGE,Case 2,세그먼트(MID_SUV_EGMP) 중심 가중 베이스라인 (w=0.54),충분,보통,7.55,104.17,510,4,0.94,0.226,101.01
V000CD0076,ST1,Case 2,세그먼트(COMMERCIAL_VAN) 중심 가중 베이스라인 (w=0.47),충분,보통,5.22,104.23,160,0,1.038,0.293,106.18
V000BE0012,IONIQ5_LONGRANGE,Case 2,세그먼트(MID_SUV_EGMP) 중심 가중 베이스라인 (w=0.54),충분,보통,8.03,104.25,125,0,0.981,0.216,103.23
V004CF0003,NIRO_LONGRANGE,Case 2,세그먼트(SMALL_SUV) 중심 가중 베이스라인 (w=0.01),충분,보통,8.8,104.29,45,0,0.867,0.117,97.09
V000CB0039,EV9,Case 2,세그먼트(LARGE_SUV_EGMP) 중심 가중 베이스라인 (w=0.83),충분,보통,5.18,104.48,24,0,1.068,0.204,107.95
V011BD0006,PORTER2,Case 2,세그먼트(COMMERCIAL_TRUCK) 중심 가중 베이스라인 (w=0.33),충분,보통,4.35,104.5,371,1,1.025,0.159,105.78
V000CE0018,EV3_LONGRANGE,Case 1,차종(EV3_LONGRANGE) 중심 가중 베이스라인 (w=1.00),충분,높음,8.33,104.6,169,0,0.962,0.157,102.61
V012BE0141,BONGO3,Case 3,ReVIN (Segment:COMMERCIAL_TRUCK 매핑),부족,낮음,5.37,104.65,34,0,0.947,0.132,101.82
V027CH0043,NIRO_LONGRANGE,Case 2,세그먼트(SMALL_SUV) 중심 가중 베이스라인 (w=0.01),충분,보통,8.73,104.79,44,0,0.877,0.091,98.16
V03BA0030,EV6_LONGRANGE,Case 1,차종(EV6_LONGRANGE) 중심 가중 베이스라인 (w=1.00),충분,높음,7.23,104.82,369,1,0.971,0.22,103.28
V011CI0025,THE_NEW_IONIQ5_LONGRANGE,Case 2,세그먼트(MID_SUV_EGMP) 중심 가중 베이스라인 (w=0.61),충분,보통,8.01,104.84,40,0,0.865,0.168,97.52
V000CB0016,EV3_LONGRANGE,Case 1,차종(EV3_LONGRANGE) 중심 가중 베이스라인 (w=1.00),충분,높음,8.49,104.92,93,0,0.928,0.169,101.05
V004BL0000,EV6_LONGRANGE,Case 1,차종(EV6_LONGRANGE) 중심 가중 베이스라인 (w=1.00),충분,높음,7.43,104.92,103,0,1.086,0.294,109.32
V000CA0035,ST1,Case 2,세그먼트(COMMERCIAL_VAN) 중심 가중 베이스라인 (w=0.47),충분,보통,5.18,104.93,216,0,1.067,0.283,108.38
V004BH0001,EV6_LONGRANGE,Case 1,차종(EV6_LONGRANGE) 중심 가중 베이스라인 (w=1.00),충분,높음,7.95,104.94,410,2,0.926,0.152,100.96
V012BE0144,BONGO3,Case 2,유사 세그먼트(COMMERCIAL_TRUCK) 계절별 평균 연비,충분,보통,4.67,105.17,116,0,0.898,0.148,99.64
V023CF0114,NIRO_PLUS,Case 2,세그먼트(SMALL_SUV) 중심 가중 베이스라인 (w=0.06),충분,보통,8.75,105.19,78,0,0.854,0.206,97.19
V012BE0032,BONGO3,Case 1,차종(BONGO3) 중심 가중 베이스라인 (w=1.00),충분,높음,5.03,105.39,58,0,0.773,0.154,92.67
V004BA0020,EV6_LONGRANGE,Case 1,차종(EV6_LONGRANGE) 중심 가중 베이스라인 (w=1.00),충분,높음,7.29,105.4,370,1,1.026,0.212,106.75
V000CE0001,EV3_LONGRANGE,Case 1,차종(EV3_LONGRANGE) 중심 가중 베이스라인 (w=1.00),충분,높음,8.54,105.46,60,0,0.906,0.237,100.37
V011AK0000,PORTER2,Case 2,세그먼트(COMMERCIAL_TRUCK) 중심 가중 베이스라인 (w=0.33),충분,보통,4.9,105.52,619,2,0.968,0.158,103.84
V000CA0039,ST1,Case 2,세그먼트(COMMERCIAL_VAN) 중심 가중 베이스라인 (w=0.47),충분,보통,5.24,105.54,202,0,1.037,0.207,107.47
V000CE0003,EV9,Case 2,세그먼트(LARGE_SUV_EGMP) 중심 가중 베이스라인 (w=0.83),충분,보통,5.79,105.55,2,0,0.97,0.18,103.97
V000CD0034,ST1,Case 2,세그먼트(COMMERCIAL_VAN) 중심 가중 베이스라인 (w=0.47),충분,보통,5.26,105.59,176,0,1.004,0.179,105.82
V011BE0013,PORTER2,Case 2,세그먼트(COMMERCIAL_TRUCK) 중심 가중 베이스라인 (w=0.33),충분,보통,4.41,105.62,463,2,0.987,0.161,104.95
V012BE0022,BONGO3,Case 2,유사 세그먼트(COMMERCIAL_TRUCK) 계절별 평균 연비,충분,보통,4.41,105.65,451,4,0.96,0.157,103.52
V000BA0007,IONIQ5_LONGRANGE,Case 2,세그먼트(MID_SUV_EGMP) 중심 가중 베이스라인 (w=0.54),충분,보통,7.84,105.73,368,1,0.935,0.203,102.22
V010CF0015,EV3_STANDARD,Case 2,세그먼트(SMALL_SUV) 중심 가중 베이스라인 (w=0.09),충분,보통,8.98,105.8,41,0,1.009,0.211,106.26
V000BI0003,EV3_LONGRANGE,Case 1,차종(EV3_LONGRANGE) 중심 가중 베이스라인 (w=1.00),충분,높음,8.35,105.82,338,0,1.01,0.214,106.37
V03BA0031,IONIQ5_LONGRANGE,Case 2,세그먼트(MID_SUV_EGMP) 중심 가중 베이스라인 (w=0.54),충분,보통,7.87,105.83,343,0,0.901,0.19,100.46
V020BG0004,IONIQ,Case 3,ReVIN (Segment:OLD_GEN_EFFICIENT 매핑),부족,낮음,7.24,105.94,188,0,1.12,0.21,112.09
V004BI0002,EV6_LONGRANGE,Case 1,차종(EV6_LONGRANGE) 중심 가중 베이스라인 (w=1.00),충분,높음,8.08,105.96,332,0,0.94,0.184,102.75
V000CD0015,PORTER2,Case 2,세그먼트(COMMERCIAL_TRUCK) 중심 가중 베이스라인 (w=0.33),충분,보통,4.74,105.97,34,0,0.911,0.122,101.16
V012CG0046,IONIQ9,Case 2,세그먼트(LARGE_SUV_EGMP) 중심 가중 베이스라인 (w=0.24),충분,보통,6.1,106.3,74,0,0.905,0.139,101.13
V011BE0009,PORTER2,Case 2,세그먼트(COMMERCIAL_TRUCK) 중심 가중 베이스라인 (w=0.33),충분,보통,4.47,106.55,510,5,0.959,0.154,104.36
V004BG0000,EV6_LONGRANGE,Case 1,차종(EV6_LONGRANGE) 중심 가중 베이스라인 (w=1.00),충분,높음,7.51,106.55,228,0,1.027,0.26,107.97
V000CC0019,IONIQ5_LONGRANGE,Case 2,세그먼트(MID_SUV_EGMP) 중심 가중 베이스라인 (w=0.54),충분,보통,7.89,106.59,138,0,0.865,0.135,99.14
V011BE0004,PORTER2,Case 2,세그먼트(COMMERCIAL_TRUCK) 중심 가중 베이스라인 (w=0.33),충분,보통,4.48,106.86,508,5,0.976,0.142,105.55
V000CD0095,IONIQ5_LONGRANGE,Case 2,세그먼트(MID_SUV_EGMP) 중심 가중 베이스라인 (w=0.54),충분,보통,8.02,106.95,175,0,0.844,0.191,98.27
V015BK0000,GV60,Case 3,ReVIN (Segment:PREMIUM_LUXURY 매핑),부족,낮음,8.4,107.02,69,0,0.925,0.186,102.91
V010CG0040,IONIQ5_LONGRANGE,Case 2,세그먼트(MID_SUV_EGMP) 중심 가중 베이스라인 (w=0.54),충분,보통,8.39,107.13,55,0,0.796,0.193,95.57
V000CB0096,EV9,Case 2,세그먼트(LARGE_SUV_EGMP) 중심 가중 베이스라인 (w=0.83),충분,보통,5.22,107.13,152,0,1.04,0.173,109.23
V000CE0022,IONIQ5_LONGRANGE,Case 2,세그먼트(MID_SUV_EGMP) 중심 가중 베이스라인 (w=0.54),충분,보통,8.07,107.25,167,0,0.85,0.115,98.9
V013CF0043,KONA_LONGRANGE,Case 2,유사 세그먼트(SMALL_SUV) 계절별 평균 연비,충분,보통,9.84,107.44,43,0,0.803,0.19,96.27
V004BG0005,EV6_LONGRANGE,Case 1,차종(EV6_LONGRANGE) 중심 가중 베이스라인 (w=1.00),충분,높음,8.09,107.45,68,0,0.897,0.114,101.79
V012BE0139,BONGO3,Case 1,차종(BONGO3) 중심 가중 베이스라인 (w=1.00),충분,높음,5.0,107.62,386,1,0.877,0.221,100.79
V021BE0000,EV9,Case 2,세그먼트(LARGE_SUV_EGMP) 중심 가중 베이스라인 (w=0.83),충분,보통,5.01,107.78,490,5,1.122,0.196,114.18
V000CB0070,THE_NEW_IONIQ5_LONGRANGE,Case 2,세그먼트(MID_SUV_EGMP) 중심 가중 베이스라인 (w=0.61),충분,보통,7.95,108.08,128,0,0.915,0.13,103.37
V020BG0005,IONIQ,Case 3,ReVIN (Segment:OLD_GEN_EFFICIENT 매핑),부족,낮음,7.69,108.12,79,0,1.077,0.147,112.18
V011AI0001,PORTER2,Case 2,세그먼트(COMMERCIAL_TRUCK) 중심 가중 베이스라인 (w=0.33),충분,보통,4.57,108.26,706,12,0.963,0.165,106.23
V020BG0013,IONIQ,Case 3,ReVIN (Segment:OLD_GEN_EFFICIENT 매핑),부족,낮음,9.27,108.58,10,0,0.949,0.135,105.8
V004BA0021,EV6_LONGRANGE,Case 1,차종(EV6_LONGRANGE) 중심 가중 베이스라인 (w=1.00),충분,높음,7.53,108.61,334,0,0.967,0.192,106.79
SITESTEV6,EV6_LONGRANGE,Case 1,차종(EV6_LONGRANGE) 중심 가중 베이스라인 (w=1.00),충분,높음,8.34,108.7,714,12,0.867,0.217,101.19
V000CB0069,THE_NEW_IONIQ5_LONGRANGE,Case 2,세그먼트(MID_SUV_EGMP) 중심 가중 베이스라인 (w=0.61),충분,보통,8.35,108.74,125,0,0.853,0.157,100.43
V026CF0147,CASPER_LONGRANGE,Case 1,차종(CASPER_LONGRANGE) 중심 가중 베이스라인 (w=1.00),충분,높음,10.06,108.88,78,0,0.86,0.135,100.99
V000CD0101,ST1,Case 2,세그먼트(COMMERCIAL_VAN) 중심 가중 베이스라인 (w=0.47),충분,보통,6.21,109.03,40,0,0.875,0.081,101.97
V011BE0011,PORTER2,Case 2,세그먼트(COMMERCIAL_TRUCK) 중심 가중 베이스라인 (w=0.33),충분,보통,4.62,109.11,506,5,0.948,0.194,106.26
V000BA0010,IONIQ5_LONGRANGE,Case 2,세그먼트(MID_SUV_EGMP) 중심 가중 베이스라인 (w=0.54),충분,보통,8.08,109.16,78,0,1.036,0.34,111.13
V018CF0075,IONIQ,Case 3,ReVIN (Segment:OLD_GEN_EFFICIENT 매핑),부족,낮음,7.94,109.81,52,0,1.054,0.247,112.73
V011BD0002,PORTER2,Case 2,세그먼트(COMMERCIAL_TRUCK) 중심 가중 베이스라인 (w=0.33),충분,보통,4.71,109.85,501,1,0.891,0.157,103.68
V000CD0096,ST1,Case 2,세그먼트(COMMERCIAL_VAN) 중심 가중 베이스라인 (w=0.47),충분,보통,5.63,109.97,180,0,0.95,0.149,107.17
V009BL0000,KONA_LONGRANGE,Case 2,유사 세그먼트(SMALL_SUV) 계절별 평균 연비,충분,보통,9.2,109.98,248,0,0.916,0.196,105.24
V012BE0040,BONGO3,Case 2,유사 세그먼트(COMMERCIAL_TRUCK) 계절별 평균 연비,충분,보통,4.67,110.03,495,4,0.943,0.168,106.82
V004BE0003,EV6_LONGRANGE,Case 1,차종(EV6_LONGRANGE) 중심 가중 베이스라인 (w=1.00),충분,높음,7.88,110.25,191,0,0.957,0.185,107.86
V020BG0014,IONIQ,Case 3,ReVIN (Segment:OLD_GEN_EFFICIENT 매핑),부족,낮음,7.83,110.34,140,0,0.993,0.215,109.97
V000CD0043,ST1,Case 2,세그먼트(COMMERCIAL_VAN) 중심 가중 베이스라인 (w=0.47),충분,보통,5.66,110.39,183,0,0.953,0.127,107.74
V004BA0019,EV6_LONGRANGE,Case 1,차종(EV6_LONGRANGE) 중심 가중 베이스라인 (w=1.00),충분,높음,7.8,110.68,369,1,0.933,0.172,106.89
V004BF0003,EV6_LONGRANGE,Case 1,차종(EV6_LONGRANGE) 중심 가중 베이스라인 (w=1.00),충분,높음,7.88,110.72,304,0,0.95,0.251,107.92
V020BG0011,IONIQ,Case 3,ReVIN (Segment:OLD_GEN_EFFICIENT 매핑),부족,낮음,8.87,110.79,34,0,0.875,0.106,103.64
V020CF0092,PORTER2,Case 2,세그먼트(COMMERCIAL_TRUCK) 중심 가중 베이스라인 (w=0.33),충분,보통,5.47,111.65,54,0,0.721,0.116,94.82
V016CF0063,EV9,Case 2,세그먼트(LARGE_SUV_EGMP) 중심 가중 베이스라인 (w=0.83),충분,보통,5.8,111.85,41,0,0.932,0.184,107.98
V004BF0006,EV6_LONGRANGE,Case 1,차종(EV6_LONGRANGE) 중심 가중 베이스라인 (w=1.00),충분,높음,8.09,112.47,282,0,0.949,0.16,109.59
V020AL0000,IONIQ,Case 3,ReVIN (Segment:OLD_GEN_EFFICIENT 매핑),부족,낮음,7.93,112.55,229,0,1.041,0.228,114.83
V004BI0001,EV6_LONGRANGE,Case 1,차종(EV6_LONGRANGE) 중심 가중 베이스라인 (w=1.00),충분,높음,8.97,113.33,287,0,0.851,0.164,104.53
V000CC0058,PORTER2,Case 2,세그먼트(COMMERCIAL_TRUCK) 중심 가중 베이스라인 (w=0.33),충분,보통,5.13,113.58,140,0,0.82,0.082,102.86
V020BG0008,IONIQ,Case 3,ReVIN (Segment:OLD_GEN_EFFICIENT 매핑),부족,낮음,8.35,113.8,104,0,1.023,0.174,115.08
V000CD0065,PORTER2,Case 2,세그먼트(COMMERCIAL_TRUCK) 중심 가중 베이스라인 (w=0.33),충분,보통,5.1,113.88,180,0,0.817,0.087,102.96
V021BI0001,EV9,Case 2,세그먼트(LARGE_SUV_EGMP) 중심 가중 베이스라인 (w=0.83),충분,보통,5.49,113.91,285,0,1.038,0.212,116.07
V020CA0000,IONIQ5,Case 2,유사 세그먼트(MID_SUV_EGMP) 계절별 평균 연비,충분,보통,8.79,114.27,288,0,0.93,0.239,110.2
V000BI0008,IONIQ5_LONGRANGE,Case 2,세그먼트(MID_SUV_EGMP) 중심 가중 베이스라인 (w=0.54),충분,보통,8.81,114.52,83,0,0.952,0.142,111.73
V021BJ0002,EV9,Case 2,세그먼트(LARGE_SUV_EGMP) 중심 가중 베이스라인 (w=0.83),충분,보통,5.48,114.59,338,0,1.035,0.137,116.58
V020BG0015,IONIQ,Case 3,ReVIN (Segment:OLD_GEN_EFFICIENT 매핑),부족,낮음,8.56,114.98,86,0,1.009,0.21,115.51
V000CA0025,IONIQ,Case 3,ReVIN (Segment:OLD_GEN_EFFICIENT 매핑),부족,낮음,8.86,115.71,228,0,1.067,0.238,119.52
V020BA0002,IONIQ,Case 3,ReVIN (Segment:OLD_GEN_EFFICIENT 매핑),부족,낮음,8.88,116.07,36,0,0.935,0.153,112.25
V020CF0090,IONIQ,Case 3,ReVIN (Segment:OLD_GEN_EFFICIENT 매핑),부족,낮음,8.87,116.56,58,0,0.965,0.109,114.52
V011BE0022,PORTER2,Case 2,세그먼트(COMMERCIAL_TRUCK) 중심 가중 베이스라인 (w=0.33),충분,보통,5.05,116.62,469,4,0.879,0.168,109.34
V011BE0023,PORTER2,Case 2,세그먼트(COMMERCIAL_TRUCK) 중심 가중 베이스라인 (w=0.33),충분,보통,5.13,117.84,458,4,0.911,0.169,112.46
V000CB0015,ST1,Case 2,세그먼트(COMMERCIAL_VAN) 중심 가중 베이스라인 (w=0.47),충분,보통,6.28,118.16,203,0,0.878,0.134,110.74
V020BG0002,IONIQ,Case 3,ReVIN (Segment:OLD_GEN_EFFICIENT 매핑),부족,낮음,9.2,118.16,113,0,0.913,0.143,112.92
V020BG0007,IONIQ,Case 3,ReVIN (Segment:OLD_GEN_EFFICIENT 매핑),부족,낮음,9.25,118.83,90,0,0.903,0.155,112.89
V021BJ0001,EV9,Case 2,세그먼트(LARGE_SUV_EGMP) 중심 가중 베이스라인 (w=0.83),충분,보통,5.88,120.73,343,0,0.979,0.178,119.46
V020BA0001,IONIQ,Case 3,ReVIN (Segment:OLD_GEN_EFFICIENT 매핑),부족,낮음,8.52,120.79,356,0,0.977,0.212,119.42
V019CA0000,IONIQ,Case 3,ReVIN (Segment:OLD_GEN_EFFICIENT 매핑),부족,낮음,8.89,122.98,292,0,1.01,0.176,123.6
V021BE0004,EV9,Case 2,세그먼트(LARGE_SUV_EGMP) 중심 가중 베이스라인 (w=0.83),충분,보통,6.14,125.39,496,5,0.929,0.163,120.87
V020BD0000,IONIQ,Case 3,ReVIN (Segment:OLD_GEN_EFFICIENT 매핑),부족,낮음,9.99,136.68,526,6,0.872,0.132,127.62
