dev_id,car_type,applied_case,baseline_method,data_sufficiency,confidence,current_efficiency,performance_index,observation_days,ensemble_matches,payload_stress_index,acceleration_volatility,calibrated_performance_index,cleaned_annual_aging_rate
M1200607449,IONIQ5,Case 1,차종(IONIQ5) 중심 가중 베이스라인 (w=1.00),충분,높음,3.12,88.95,53,0,1.457,0.296,107.35,
M2210703857,IONIQ5,Case 1,차종(IONIQ5) 중심 가중 베이스라인 (w=1.00),충분,높음,2.94,89.09,54,0,1.404,0.241,105.55,
M2210703921,IONIQ5,Case 1,차종(IONIQ5) 중심 가중 베이스라인 (w=1.00),충분,높음,3.01,89.11,56,0,1.44,0.299,106.95,
M1200607353,IONIQ5,Case 1,차종(IONIQ5) 중심 가중 베이스라인 (w=1.00),충분,높음,3.06,89.32,54,0,1.385,0.223,105.1,
M1200607330,IONIQ5,Case 1,차종(IONIQ5) 중심 가중 베이스라인 (w=1.00),충분,높음,3.15,89.79,53,0,1.4,0.34,106.24,
M2210703991,EV6,Case 1,차종(EV6) 중심 가중 베이스라인 (w=1.00),충분,높음,2.72,91.76,20,0,1.615,0.398,116.63,
M2210703861,IONIQ5,Case 1,차종(IONIQ5) 중심 가중 베이스라인 (w=1.00),충분,높음,3.02,92.06,36,0,1.426,0.325,109.93,
M2210703978,EV6,Case 1,차종(EV6) 중심 가중 베이스라인 (w=1.00),충분,높음,3.09,92.67,20,0,1.443,0.225,111.3,
M1200607483,IONIQ5,Case 1,차종(IONIQ5) 중심 가중 베이스라인 (w=1.00),충분,높음,3.31,92.98,29,0,1.23,0.206,103.14,
M2210703774,IONIQ5,Case 1,차종(IONIQ5) 중심 가중 베이스라인 (w=1.00),충분,높음,3.11,93.31,47,0,1.314,0.202,106.96,
M2210703770,IONIQ5,Case 1,차종(IONIQ5) 중심 가중 베이스라인 (w=1.00),충분,높음,3.52,93.44,56,0,1.228,0.248,103.53,
M2210703676,IONIQ5,Case 1,차종(IONIQ5) 중심 가중 베이스라인 (w=1.00),충분,높음,3.4,93.83,52,0,1.257,0.164,105.2,
M2210704086,EV6,Case 1,차종(EV6) 중심 가중 베이스라인 (w=1.00),충분,높음,3.03,93.93,20,0,1.254,0.169,105.17,
M2210703794,IONIQ5,Case 1,차종(IONIQ5) 중심 가중 베이스라인 (w=1.00),충분,높음,3.2,93.96,22,0,1.33,0.2,108.37,
M1200607258,IONIQ5,Case 1,차종(IONIQ5) 중심 가중 베이스라인 (w=1.00),충분,높음,3.53,93.98,51,0,1.202,0.202,103.04,
M1200607566,IONIQ5,Case 1,차종(IONIQ5) 중심 가중 베이스라인 (w=1.00),충분,높음,3.24,94.1,36,0,1.37,0.337,110.15,
M1200607458,IONIQ5,Case 1,차종(IONIQ5) 중심 가중 베이스라인 (w=1.00),충분,높음,3.57,94.34,54,0,1.262,0.206,105.99,
M2210704096,EV6,Case 1,차종(EV6) 중심 가중 베이스라인 (w=1.00),충분,높음,3.36,94.55,20,0,1.266,0.189,106.39,
M2210703979,EV6,Case 1,차종(EV6) 중심 가중 베이스라인 (w=1.00),충분,높음,3.25,94.61,19,0,1.259,0.175,106.16,
M2210703787,IONIQ5,Case 1,차종(IONIQ5) 중심 가중 베이스라인 (w=1.00),충분,높음,3.54,94.67,56,0,1.225,0.137,104.8,
M2210703731,EV6,Case 1,차종(EV6) 중심 가중 베이스라인 (w=1.00),충분,높음,3.32,94.74,21,0,1.196,0.155,103.63,
M1200607426,IONIQ5,Case 1,차종(IONIQ5) 중심 가중 베이스라인 (w=1.00),충분,높음,3.53,94.78,54,0,1.192,0.206,103.48,
M1200607344,IONIQ5,Case 1,차종(IONIQ5) 중심 가중 베이스라인 (w=1.00),충분,높음,3.57,94.91,55,0,1.208,0.151,104.32,
M2210703712,EV6,Case 1,차종(EV6) 중심 가중 베이스라인 (w=1.00),충분,높음,3.42,94.92,20,0,1.184,0.135,103.28,
M2210703673,EV6,Case 1,차종(EV6) 중심 가중 베이스라인 (w=1.00),충분,높음,3.34,95.12,20,0,1.365,0.234,111.12,
M1200607407,IONIQ5,Case 1,차종(IONIQ5) 중심 가중 베이스라인 (w=1.00),충분,높음,3.32,95.15,42,0,1.329,0.249,109.69,
M1200607342,IONIQ5,Case 1,차종(IONIQ5) 중심 가중 베이스라인 (w=1.00),충분,높음,3.45,95.22,49,0,1.254,0.193,106.62,
M2210704069,IONIQ5,Case 1,차종(IONIQ5) 중심 가중 베이스라인 (w=1.00),충분,높음,3.52,95.22,55,0,1.227,0.199,105.46,
M2210703674,IONIQ5,Case 1,차종(IONIQ5) 중심 가중 베이스라인 (w=1.00),충분,높음,3.63,95.35,56,0,1.146,0.132,102.06,
M1200607365,IONIQ5,Case 1,차종(IONIQ5) 중심 가중 베이스라인 (w=1.00),충분,높음,3.69,95.42,55,0,1.151,0.212,102.36,
M2210703928,IONIQ5,Case 1,차종(IONIQ5) 중심 가중 베이스라인 (w=1.00),충분,높음,3.48,95.46,54,0,1.301,0.242,108.9,
M2210703635,IONIQ5,Case 1,차종(IONIQ5) 중심 가중 베이스라인 (w=1.00),충분,높음,3.63,95.56,52,0,1.137,0.199,101.88,
M1200607431,IONIQ5,Case 1,차종(IONIQ5) 중심 가중 베이스라인 (w=1.00),충분,높음,3.67,95.57,43,0,1.181,0.147,103.86,
M2210703929,IONIQ5,Case 1,차종(IONIQ5) 중심 가중 베이스라인 (w=1.00),충분,높음,3.57,95.71,49,0,1.245,0.169,106.8,
M2210703998,EV6,Case 1,차종(EV6) 중심 가중 베이스라인 (w=1.00),충분,높음,3.46,95.86,19,0,1.119,0.149,101.39,
M2210704066,IONIQ5,Case 1,차종(IONIQ5) 중심 가중 베이스라인 (w=1.00),충분,높음,3.48,95.87,46,0,1.179,0.221,104.11,
M2210703989,EV6,Case 1,차종(EV6) 중심 가중 베이스라인 (w=1.00),충분,높음,3.51,95.91,19,0,1.252,0.282,107.3,
M2210704100,EV6,Case 1,차종(EV6) 중심 가중 베이스라인 (w=1.00),충분,높음,3.53,95.97,19,0,1.194,0.15,104.88,
M1200607368,IONIQ5,Case 1,차종(IONIQ5) 중심 가중 베이스라인 (w=1.00),충분,높음,3.45,96.0,29,0,1.235,0.189,106.67,
M1200607504,IONIQ5,Case 1,차종(IONIQ5) 중심 가중 베이스라인 (w=1.00),충분,높음,3.59,96.14,22,0,1.174,0.138,104.17,
M2210704059,EV6,Case 1,차종(EV6) 중심 가중 베이스라인 (w=1.00),충분,높음,3.41,96.26,16,0,1.312,0.228,110.24,
M2210703860,IONIQ5,Case 1,차종(IONIQ5) 중심 가중 베이스라인 (w=1.00),충분,높음,3.68,96.51,55,0,1.18,0.169,104.84,
M1200607451,IONIQ5,Case 1,차종(IONIQ5) 중심 가중 베이스라인 (w=1.00),충분,높음,3.64,96.64,40,0,1.1,0.175,101.35,
M1200607389,IONIQ5,Case 1,차종(IONIQ5) 중심 가중 베이스라인 (w=1.00),충분,높음,3.63,96.82,37,0,1.199,0.316,106.0,
M2210703645,EV6,Case 1,차종(EV6) 중심 가중 베이스라인 (w=1.00),충분,높음,3.56,96.83,20,0,1.184,0.25,105.38,
M1200607473,IONIQ5,Case 1,차종(IONIQ5) 중심 가중 베이스라인 (w=1.00),충분,높음,3.59,96.89,41,0,1.191,0.136,105.72,
M2210703984,EV6,Case 1,차종(EV6) 중심 가중 베이스라인 (w=1.00),충분,높음,3.69,96.91,19,0,1.081,0.145,100.74,
M2210703632,IONIQ5,Case 1,차종(IONIQ5) 중심 가중 베이스라인 (w=1.00),충분,높음,3.76,96.99,54,0,1.093,0.134,101.41,
M1200607313,IONIQ5,Case 1,차종(IONIQ5) 중심 가중 베이스라인 (w=1.00),충분,높음,3.77,97.15,41,0,1.099,0.195,101.86,
M1200607515,IONIQ5,Case 1,차종(IONIQ5) 중심 가중 베이스라인 (w=1.00),충분,높음,3.73,97.17,43,0,1.18,0.236,105.54,
M1200607436,IONIQ5,Case 1,차종(IONIQ5) 중심 가중 베이스라인 (w=1.00),충분,높음,3.66,97.2,56,0,1.219,0.215,107.32,
M1200607447,IONIQ5,Case 1,차종(IONIQ5) 중심 가중 베이스라인 (w=1.00),충분,높음,3.86,97.36,56,0,1.09,0.22,101.63,
M2210703672,EV6,Case 1,차종(EV6) 중심 가중 베이스라인 (w=1.00),충분,높음,3.79,97.39,20,0,1.159,0.173,104.84,
M2210703727,EV6,Case 1,차종(EV6) 중심 가중 베이스라인 (w=1.00),충분,높음,3.83,97.42,21,0,1.138,0.231,103.93,
M1200607321,IONIQ5,Case 1,차종(IONIQ5) 중심 가중 베이스라인 (w=1.00),충분,높음,3.83,97.47,56,0,1.136,0.165,103.9,
M1200607445,IONIQ5,Case 1,차종(IONIQ5) 중심 가중 베이스라인 (w=1.00),충분,높음,3.62,97.49,27,0,1.226,0.171,107.94,
M2210703750,EV6,Case 1,차종(EV6) 중심 가중 베이스라인 (w=1.00),충분,높음,3.81,97.53,20,0,1.104,0.149,102.49,
M1200607367,IONIQ5,Case 1,차종(IONIQ5) 중심 가중 베이스라인 (w=1.00),충분,높음,3.75,97.54,24,0,1.127,0.209,103.55,
M2210703924,IONIQ5,Case 1,차종(IONIQ5) 중심 가중 베이스라인 (w=1.00),충분,높음,3.76,97.57,35,0,1.209,0.203,107.27,
M1200607498,IONIQ5,Case 1,차종(IONIQ5) 중심 가중 베이스라인 (w=1.00),충분,높음,3.78,97.84,14,0,1.026,0.121,99.08,
M2210703768,IONIQ5,Case 1,차종(IONIQ5) 중심 가중 베이스라인 (w=1.00),충분,높음,3.89,97.88,55,0,1.066,0.112,101.05,
M2210703634,IONIQ5,Case 1,차종(IONIQ5) 중심 가중 베이스라인 (w=1.00),충분,높음,3.86,98.03,51,0,1.102,0.165,102.93,
M1190900291,Kona,Case 3,ReVIN (Segment:SMALL_SUV 매핑),부족,낮음,3.96,98.05,33,0,1.221,0.16,108.35,
M1200607418,IONIQ5,Case 1,차종(IONIQ5) 중심 가중 베이스라인 (w=1.00),충분,높음,3.88,98.06,54,0,1.027,0.137,99.36,
M1200607363,IONIQ5,Case 1,차종(IONIQ5) 중심 가중 베이스라인 (w=1.00),충분,높음,3.9,98.1,55,0,1.115,0.178,103.58,
M1200607432,IONIQ5,Case 1,차종(IONIQ5) 중심 가중 베이스라인 (w=1.00),충분,높음,3.87,98.1,53,0,1.085,0.125,102.18,
M2210704072,EV6,Case 1,차종(EV6) 중심 가중 베이스라인 (w=1.00),충분,높음,3.85,98.15,18,0,1.102,0.151,103.02,
M1200607277,IONIQ5,Case 1,차종(IONIQ5) 중심 가중 베이스라인 (w=1.00),충분,높음,3.88,98.15,55,0,1.074,0.162,101.71,
M1200607434,IONIQ5,Case 1,차종(IONIQ5) 중심 가중 베이스라인 (w=1.00),충분,높음,3.82,98.16,40,0,1.164,0.129,105.92,
M1200607373,IONIQ5,Case 1,차종(IONIQ5) 중심 가중 베이스라인 (w=1.00),충분,높음,3.87,98.17,27,0,1.086,0.167,102.29,
M2210703992,EV6,Case 1,차종(EV6) 중심 가중 베이스라인 (w=1.00),충분,높음,3.81,98.18,19,0,1.117,0.17,103.75,
M2210703791,EV6,Case 1,차종(EV6) 중심 가중 베이스라인 (w=1.00),충분,높음,3.9,98.21,20,0,1.105,0.16,103.23,
M2210704049,EV6,Case 1,차종(EV6) 중심 가중 베이스라인 (w=1.00),충분,높음,3.78,98.23,6,0,1.089,0.102,102.49,
M2210703759,IONIQ5,Case 1,차종(IONIQ5) 중심 가중 베이스라인 (w=1.00),충분,높음,3.85,98.24,30,0,1.086,0.137,102.36,
M2210704040,EV6,Case 1,차종(EV6) 중심 가중 베이스라인 (w=1.00),충분,높음,3.91,98.25,19,0,1.156,0.214,105.63,
M1200607422,IONIQ5,Case 1,차종(IONIQ5) 중심 가중 베이스라인 (w=1.00),충분,높음,3.81,98.26,32,0,1.174,0.149,106.45,
M1200607440,IONIQ5,Case 1,차종(IONIQ5) 중심 가중 베이스라인 (w=1.00),충분,높음,3.85,98.28,48,0,1.102,0.257,103.18,
M1200607282,IONIQ5,Case 1,차종(IONIQ5) 중심 가중 베이스라인 (w=1.00),충분,높음,3.84,98.37,6,0,1.089,0.246,102.65,
M2210703716,EV6,Case 1,차종(EV6) 중심 가중 베이스라인 (w=1.00),충분,높음,3.9,98.38,20,0,1.145,0.242,105.25,
M1200607457,IONIQ5,Case 1,차종(IONIQ5) 중심 가중 베이스라인 (w=1.00),충분,높음,3.87,98.47,44,0,1.134,0.098,104.84,
M2210703982,EV6,Case 1,차종(EV6) 중심 가중 베이스라인 (w=1.00),충분,높음,3.87,98.48,19,0,1.058,0.142,101.3,
M2210703784,IONIQ5,Case 1,차종(IONIQ5) 중심 가중 베이스라인 (w=1.00),충분,높음,3.92,98.53,52,0,1.071,0.148,101.99,
M2210704085,EV6,Case 1,차종(EV6) 중심 가중 베이스라인 (w=1.00),충분,높음,3.95,98.53,20,0,1.082,0.132,102.48,
M1200607419,IONIQ5,Case 1,차종(IONIQ5) 중심 가중 베이스라인 (w=1.00),충분,높음,3.92,98.55,49,0,1.074,0.136,102.12,
M2210704034,EV6,Case 1,차종(EV6) 중심 가중 베이스라인 (w=1.00),충분,높음,3.96,98.63,20,0,0.989,0.16,98.09,
M1200607345,IONIQ5,Case 1,차종(IONIQ5) 중심 가중 베이스라인 (w=1.00),충분,높음,3.9,98.64,48,0,1.085,0.117,102.73,
M2210703709,EV6,Case 1,차종(EV6) 중심 가중 베이스라인 (w=1.00),충분,높음,3.97,98.66,19,0,1.151,0.326,105.84,
M2210703925,IONIQ5,Case 1,차종(IONIQ5) 중심 가중 베이스라인 (w=1.00),충분,높음,3.96,98.67,50,0,1.049,0.157,101.08,
M1200607333,IONIQ5,Case 1,차종(IONIQ5) 중심 가중 베이스라인 (w=1.00),충분,높음,3.91,98.74,49,0,1.052,0.191,101.27,
M1200607360,IONIQ5,Case 1,차종(IONIQ5) 중심 가중 베이스라인 (w=1.00),충분,높음,3.96,98.77,55,0,1.078,0.143,102.53,
M2210704073,EV6,Case 1,차종(EV6) 중심 가중 베이스라인 (w=1.00),충분,높음,3.98,98.81,20,0,1.065,0.165,101.95,
M1200607376,IONIQ5,Case 1,차종(IONIQ5) 중심 가중 베이스라인 (w=1.00),충분,높음,3.99,98.81,55,0,1.067,0.119,102.07,
M1200607354,IONIQ5,Case 1,차종(IONIQ5) 중심 가중 베이스라인 (w=1.00),충분,높음,3.97,98.82,53,0,1.056,0.119,101.57,
M1200607428,IONIQ5,Case 1,차종(IONIQ5) 중심 가중 베이스라인 (w=1.00),충분,높음,4.01,98.88,40,0,1.084,0.177,102.95,
M2210704087,EV6,Case 1,차종(EV6) 중심 가중 베이스라인 (w=1.00),충분,높음,3.99,98.9,19,0,1.059,0.196,101.79,
M2210704028,EV6,Case 1,차종(EV6) 중심 가중 베이스라인 (w=1.00),충분,높음,3.95,98.91,20,0,1.064,0.119,102.05,
M1200607427,IONIQ5,Case 1,차종(IONIQ5) 중심 가중 베이스라인 (w=1.00),충분,높음,3.97,98.93,52,0,1.061,0.146,101.9,
M2210703930,IONIQ5,Case 1,차종(IONIQ5) 중심 가중 베이스라인 (w=1.00),충분,높음,4.01,98.95,34,0,1.059,0.214,101.82,
M2210703801,IONIQ5,Case 1,차종(IONIQ5) 중심 가중 베이스라인 (w=1.00),충분,높음,3.95,98.95,45,0,1.076,0.211,102.64,
M1200607378,IONIQ5,Case 1,차종(IONIQ5) 중심 가중 베이스라인 (w=1.00),충분,높음,3.95,98.97,20,0,1.058,0.129,101.78,
M2210703728,EV6,Case 1,차종(EV6) 중심 가중 베이스라인 (w=1.00),충분,높음,4.01,99.0,20,0,1.065,0.137,102.17,
M2210703767,IONIQ5,Case 1,차종(IONIQ5) 중심 가중 베이스라인 (w=1.00),충분,높음,3.94,99.01,33,0,1.071,0.126,102.45,
M2210704047,EV6,Case 1,차종(EV6) 중심 가중 베이스라인 (w=1.00),충분,높음,3.97,99.07,16,0,1.074,0.14,102.66,
M2210703718,EV6,Case 1,차종(EV6) 중심 가중 베이스라인 (w=1.00),충분,높음,3.95,99.08,8,0,1.116,0.184,104.69,
M2210703708,EV6,Case 1,차종(EV6) 중심 가중 베이스라인 (w=1.00),충분,높음,3.99,99.11,20,0,1.073,0.216,102.65,
M1200607456,IONIQ5,Case 1,차종(IONIQ5) 중심 가중 베이스라인 (w=1.00),충분,높음,4.04,99.15,42,0,1.052,0.223,101.7,
M1200607480,IONIQ5,Case 1,차종(IONIQ5) 중심 가중 베이스라인 (w=1.00),충분,높음,3.99,99.16,49,0,1.062,0.203,102.19,
M2210703711,EV6,Case 1,차종(EV6) 중심 가중 베이스라인 (w=1.00),충분,높음,4.01,99.18,20,0,1.057,0.146,101.96,
M1200607487,IONIQ5,Case 1,차종(IONIQ5) 중심 가중 베이스라인 (w=1.00),충분,높음,4.04,99.21,34,0,1.096,0.13,103.85,
M2210704060,EV6,Case 1,차종(EV6) 중심 가중 베이스라인 (w=1.00),충분,높음,3.99,99.21,18,0,1.04,0.124,101.15,
M1200607295,IONIQ5,Case 1,차종(IONIQ5) 중심 가중 베이스라인 (w=1.00),충분,높음,4.1,99.23,36,0,1.037,0.219,101.03,
M2210703789,IONIQ5,Case 1,차종(IONIQ5) 중심 가중 베이스라인 (w=1.00),충분,높음,4.01,99.24,56,0,1.044,0.164,101.39,
M1200607320,IONIQ5,Case 1,차종(IONIQ5) 중심 가중 베이스라인 (w=1.00),충분,높음,4.01,99.24,53,0,1.1,0.144,104.08,
M1200607340,IONIQ5,Case 1,차종(IONIQ5) 중심 가중 베이스라인 (w=1.00),충분,높음,3.99,99.24,39,0,1.072,0.168,102.76,
M2210703974,EV6,Case 1,차종(EV6) 중심 가중 베이스라인 (w=1.00),충분,높음,4.04,99.31,20,0,1.032,0.151,100.87,
M2210704090,EV6,Case 1,차종(EV6) 중심 가중 베이스라인 (w=1.00),충분,높음,4.06,99.33,20,0,1.086,0.166,103.53,
M1200607423,IONIQ5,Case 1,차종(IONIQ5) 중심 가중 베이스라인 (w=1.00),충분,높음,4.03,99.36,53,0,1.039,0.168,101.29,
M2210703713,EV6,Case 1,차종(EV6) 중심 가중 베이스라인 (w=1.00),충분,높음,4.05,99.37,19,0,1.041,0.394,101.39,
M2210704024,EV6,Case 1,차종(EV6) 중심 가중 베이스라인 (w=1.00),충분,높음,4.04,99.39,19,0,0.995,0.073,99.12,
M2210703785,IONIQ5,Case 1,차종(IONIQ5) 중심 가중 베이스라인 (w=1.00),충분,높음,3.97,99.41,9,0,1.039,0.102,101.34,
M2210703766,IONIQ5,Case 1,차종(IONIQ5) 중심 가중 베이스라인 (w=1.00),충분,높음,4.0,99.43,43,0,0.942,0.108,96.51,
M2210703985,EV6,Case 1,차종(EV6) 중심 가중 베이스라인 (w=1.00),충분,높음,4.05,99.45,19,0,1.089,0.141,103.8,
M2210703773,IONIQ5,Case 1,차종(IONIQ5) 중심 가중 베이스라인 (w=1.00),충분,높음,4.05,99.45,56,0,1.008,0.139,99.85,
M1200607326,IONIQ5,Case 1,차종(IONIQ5) 중심 가중 베이스라인 (w=1.00),충분,높음,4.02,99.46,28,0,1.101,0.119,104.36,
M2210703671,EV6,Case 1,차종(EV6) 중심 가중 베이스라인 (w=1.00),충분,높음,4.06,99.53,18,0,1.1,0.073,104.4,
M2210703677,IONIQ5,Case 1,차종(IONIQ5) 중심 가중 베이스라인 (w=1.00),충분,높음,4.03,99.55,45,0,1.047,0.144,101.87,
M2210703926,IONIQ5,Case 1,차종(IONIQ5) 중심 가중 베이스라인 (w=1.00),충분,높음,4.02,99.58,13,0,1.067,0.12,102.87,
M2210703995,EV6,Case 1,차종(EV6) 중심 가중 베이스라인 (w=1.00),충분,높음,4.09,99.64,19,0,1.045,0.156,101.86,
M2210703654,EV6,Case 1,차종(EV6) 중심 가중 베이스라인 (w=1.00),충분,높음,4.1,99.66,20,0,1.065,0.171,102.87,
M2210703775,IONIQ5,Case 1,차종(IONIQ5) 중심 가중 베이스라인 (w=1.00),충분,높음,4.07,99.71,55,0,1.02,0.136,100.7,
M2210703912,IONIQ5,Case 1,차종(IONIQ5) 중심 가중 베이스라인 (w=1.00),충분,높음,4.06,99.8,36,0,0.985,0.118,99.06,
M2210704058,EV6,Case 1,차종(EV6) 중심 가중 베이스라인 (w=1.00),충분,높음,4.11,99.8,18,0,1.093,0.168,104.33,
M2210703914,IONIQ5,Case 1,차종(IONIQ5) 중심 가중 베이스라인 (w=1.00),충분,높음,4.07,99.81,50,0,1.005,0.156,100.06,
M1200607346,IONIQ5,Case 1,차종(IONIQ5) 중심 가중 베이스라인 (w=1.00),충분,높음,4.15,99.83,32,0,0.989,0.162,99.28,
M2210704031,EV6,Case 1,차종(EV6) 중심 가중 베이스라인 (w=1.00),충분,높음,4.13,99.88,19,0,1.096,0.222,104.58,
M2210703749,EV6,Case 1,차종(EV6) 중심 가중 베이스라인 (w=1.00),충분,높음,4.13,99.89,20,0,1.067,0.184,103.18,
M2210703922,IONIQ5,Case 1,차종(IONIQ5) 중심 가중 베이스라인 (w=1.00),충분,높음,4.09,99.94,55,0,1.056,0.119,102.68,
M2210703644,EV6,Case 1,차종(EV6) 중심 가중 베이스라인 (w=1.00),충분,높음,4.14,99.98,19,0,1.037,0.123,101.79,
M1200607352,IONIQ5,Case 1,차종(IONIQ5) 중심 가중 베이스라인 (w=1.00),충분,높음,4.09,99.99,52,0,1.008,0.168,100.37,
M2210703726,EV6,Case 1,차종(EV6) 중심 가중 베이스라인 (w=1.00),충분,높음,4.15,100.02,20,0,1.018,0.172,100.9,
M1200607304,IONIQ5,Case 1,차종(IONIQ5) 중심 가중 베이스라인 (w=1.00),충분,높음,4.1,100.05,56,0,1.019,0.216,101.01,
M1200607425,IONIQ5,Case 1,차종(IONIQ5) 중심 가중 베이스라인 (w=1.00),충분,높음,4.11,100.11,42,0,1.094,0.158,104.71,
M1200607496,IONIQ5,Case 1,차종(IONIQ5) 중심 가중 베이스라인 (w=1.00),충분,높음,4.11,100.11,54,0,1.029,0.112,101.53,
M1200607508,IONIQ5,Case 1,차종(IONIQ5) 중심 가중 베이스라인 (w=1.00),충분,높음,4.12,100.16,51,0,1.035,0.169,101.88,
M2210704023,EV6,Case 1,차종(EV6) 중심 가중 베이스라인 (w=1.00),충분,높음,4.17,100.18,18,0,1.044,0.223,102.35,
M2210704053,EV6,Case 1,차종(EV6) 중심 가중 베이스라인 (w=1.00),충분,높음,4.18,100.21,8,0,1.047,0.172,102.56,
M2210704077,EV6,Case 1,차종(EV6) 중심 가중 베이스라인 (w=1.00),충분,높음,4.18,100.21,19,0,1.072,0.152,103.77,
M1200607305,IONIQ5,Case 1,차종(IONIQ5) 중심 가중 베이스라인 (w=1.00),충분,높음,4.13,100.25,38,0,1.019,0.122,101.18,
M1200607375,IONIQ5,Case 1,차종(IONIQ5) 중심 가중 베이스라인 (w=1.00),충분,높음,4.14,100.38,57,0,1.039,0.126,102.34,
M1200607382,IONIQ5,Case 1,차종(IONIQ5) 중심 가중 베이스라인 (w=1.00),충분,높음,4.16,100.39,34,0,1.007,0.193,100.73,
M2210703752,EV6,Case 1,차종(EV6) 중심 가중 베이스라인 (w=1.00),충분,높음,4.21,100.44,18,0,0.971,0.119,98.98,
M1200607369,IONIQ5,Case 1,차종(IONIQ5) 중심 가중 베이스라인 (w=1.00),충분,높음,4.18,100.46,35,0,1.016,0.223,101.26,
M2210704017,EV6,Case 1,차종(EV6) 중심 가중 베이스라인 (w=1.00),충분,높음,4.22,100.49,20,0,1.053,0.128,103.09,
M2210703633,IONIQ5,Case 1,차종(IONIQ5) 중심 가중 베이스라인 (w=1.00),충분,높음,4.26,100.5,36,0,1.045,0.267,102.72,
M1200607442,IONIQ5,Case 1,차종(IONIQ5) 중심 가중 베이스라인 (w=1.00),충분,높음,4.15,100.52,54,0,0.992,0.128,100.12,
M1200607281,IONIQ5,Case 1,차종(IONIQ5) 중심 가중 베이스라인 (w=1.00),충분,높음,4.14,100.52,54,0,1.012,0.2,101.1,
M1200607307,IONIQ5,Case 1,차종(IONIQ5) 중심 가중 베이스라인 (w=1.00),충분,높음,4.14,100.52,56,0,1.043,0.241,102.64,
M2210703722,EV6,Case 1,차종(EV6) 중심 가중 베이스라인 (w=1.00),충분,높음,4.22,100.54,20,0,0.973,0.135,99.19,
M2210703849,EV6,Case 1,차종(EV6) 중심 가중 베이스라인 (w=1.00),충분,높음,4.24,100.55,19,0,0.974,0.129,99.25,
M1200607406,IONIQ5,Case 1,차종(IONIQ5) 중심 가중 베이스라인 (w=1.00),충분,높음,4.14,100.56,53,0,1.025,0.142,101.82,
M2210703663,EV6,Case 1,차종(EV6) 중심 가중 베이스라인 (w=1.00),충분,높음,4.23,100.59,29,0,1.018,0.183,101.47,
M1200607454,IONIQ5,Case 1,차종(IONIQ5) 중심 가중 베이스라인 (w=1.00),충분,높음,4.2,100.6,20,0,1.038,0.076,102.5,
M2210704089,EV6,Case 1,차종(EV6) 중심 가중 베이스라인 (w=1.00),충분,높음,4.25,100.61,19,0,1.031,0.114,102.16,
M1200607294,IONIQ5,Case 1,차종(IONIQ5) 중심 가중 베이스라인 (w=1.00),충분,높음,4.24,100.61,40,0,1.015,0.187,101.38,
M1200607390,IONIQ5,Case 1,차종(IONIQ5) 중심 가중 베이스라인 (w=1.00),충분,높음,4.17,100.61,33,0,1.048,0.215,102.98,
M1200607364,IONIQ5,Case 1,차종(IONIQ5) 중심 가중 베이스라인 (w=1.00),충분,높음,4.19,100.63,33,0,1.0,0.171,100.63,
M1200607559,IONIQ5,Case 1,차종(IONIQ5) 중심 가중 베이스라인 (w=1.00),충분,높음,4.19,100.64,33,0,0.973,0.081,99.28,
M1200607265,IONIQ5,Case 1,차종(IONIQ5) 중심 가중 베이스라인 (w=1.00),충분,높음,4.15,100.64,55,0,1.007,0.238,100.97,
M2210703746,EV6,Case 1,차종(EV6) 중심 가중 베이스라인 (w=1.00),충분,높음,4.26,100.68,17,0,0.996,0.163,100.47,
M1200607499,IONIQ5,Case 1,차종(IONIQ5) 중심 가중 베이스라인 (w=1.00),충분,높음,4.2,100.69,49,0,1.035,0.126,102.44,
M1200607513,IONIQ5,Case 1,차종(IONIQ5) 중심 가중 베이스라인 (w=1.00),충분,높음,4.2,100.72,51,0,0.987,0.102,100.04,
M1200607297,IONIQ5,Case 1,차종(IONIQ5) 중심 가중 베이스라인 (w=1.00),충분,높음,4.16,100.73,55,0,1.047,0.237,103.06,
M1200607564,IONIQ5,Case 1,차종(IONIQ5) 중심 가중 베이스라인 (w=1.00),충분,높음,4.2,100.74,51,0,1.048,0.115,103.14,
M1200607403,IONIQ5,Case 1,차종(IONIQ5) 중심 가중 베이스라인 (w=1.00),충분,높음,4.21,100.77,41,0,1.091,0.161,105.27,
M1200607455,IONIQ5,Case 1,차종(IONIQ5) 중심 가중 베이스라인 (w=1.00),충분,높음,4.22,100.77,50,0,0.978,0.11,99.66,
M2210703786,IONIQ5,Case 1,차종(IONIQ5) 중심 가중 베이스라인 (w=1.00),충분,높음,4.18,100.78,54,0,1.029,0.161,102.22,
M1200607300,IONIQ5,Case 1,차종(IONIQ5) 중심 가중 베이스라인 (w=1.00),충분,높음,4.16,100.78,57,0,0.992,0.176,100.36,
M1200607311,IONIQ5,Case 1,차종(IONIQ5) 중심 가중 베이스라인 (w=1.00),충분,높음,4.16,100.78,55,0,1.007,0.216,101.14,
M2210704025,EV6,Case 1,차종(EV6) 중심 가중 베이스라인 (w=1.00),충분,높음,4.25,100.86,20,0,0.981,0.143,99.9,
M2210703853,IONIQ5,Case 1,차종(IONIQ5) 중심 가중 베이스라인 (w=1.00),충분,높음,4.26,100.86,9,0,0.996,0.105,100.68,
M2210703619,IONIQ5,Case 1,차종(IONIQ5) 중심 가중 베이스라인 (w=1.00),충분,높음,4.2,100.88,45,0,1.058,0.17,103.76,
M1200606133,Kona,Case 3,ReVIN (Segment:SMALL_SUV 매핑),부족,낮음,4.41,100.89,18,0,1.094,0.109,105.55,
M1200606123,Kona,Case 3,ReVIN (Segment:SMALL_SUV 매핑),부족,낮음,4.34,100.93,22,0,1.089,0.216,105.31,
M1200607207,Kona,Case 3,ReVIN (Segment:SMALL_SUV 매핑),부족,낮음,4.41,100.94,11,0,1.098,0.134,105.75,
M2210703724,EV6,Case 1,차종(EV6) 중심 가중 베이스라인 (w=1.00),충분,높음,4.27,100.94,20,0,1.029,0.097,102.4,
M1200607261,IONIQ5,Case 1,차종(IONIQ5) 중심 가중 베이스라인 (w=1.00),충분,높음,4.18,100.95,54,0,1.013,0.217,101.62,
M2210703913,IONIQ5,Case 1,차종(IONIQ5) 중심 가중 베이스라인 (w=1.00),충분,높음,4.25,100.95,28,0,0.998,0.115,100.86,
M2210704026,EV6,Case 1,차종(EV6) 중심 가중 베이스라인 (w=1.00),충분,높음,4.3,100.96,19,0,1.009,0.12,101.41,
M2210704083,EV6,Case 1,차종(EV6) 중심 가중 베이스라인 (w=1.00),충분,높음,4.26,101.01,20,0,1.029,0.15,102.46,
M2210703757,IONIQ5,Case 1,차종(IONIQ5) 중심 가중 베이스라인 (w=1.00),충분,높음,4.19,101.04,55,0,1.028,0.136,102.44,
M1200607370,IONIQ5,Case 1,차종(IONIQ5) 중심 가중 베이스라인 (w=1.00),충분,높음,4.19,101.09,55,0,1.081,0.225,105.11,
M2210703680,IONIQ5,Case 1,차종(IONIQ5) 중심 가중 베이스라인 (w=1.00),충분,높음,4.19,101.13,56,0,1.031,0.141,102.68,
M1200607270,IONIQ5,Case 1,차종(IONIQ5) 중심 가중 베이스라인 (w=1.00),충분,높음,4.2,101.15,54,0,1.002,0.223,101.24,
M1200607503,IONIQ5,Case 1,차종(IONIQ5) 중심 가중 베이스라인 (w=1.00),충분,높음,4.34,101.17,43,0,0.956,0.115,98.91,
M2210703748,EV6,Case 1,차종(EV6) 중심 가중 베이스라인 (w=1.00),충분,높음,4.31,101.17,20,0,1.069,0.301,104.6,
M1200607350,IONIQ5,Case 1,차종(IONIQ5) 중심 가중 베이스라인 (w=1.00),충분,높음,4.2,101.18,55,0,1.024,0.181,102.39,
M1200607517,IONIQ5,Case 1,차종(IONIQ5) 중심 가중 베이스라인 (w=1.00),충분,높음,4.28,101.22,32,0,0.985,0.113,100.44,
M2210703850,IONIQ5,Case 1,차종(IONIQ5) 중심 가중 베이스라인 (w=1.00),충분,높음,4.2,101.24,55,0,0.996,0.149,101.02,
M2210703714,EV6,Case 1,차종(EV6) 중심 가중 베이스라인 (w=1.00),충분,높음,4.36,101.26,18,0,1.004,0.158,101.49,
M1200606106,Kona,Case 3,ReVIN (Segment:SMALL_SUV 매핑),부족,낮음,4.41,101.26,15,0,1.117,0.269,107.02,
M2210703765,IONIQ5,Case 1,차종(IONIQ5) 중심 가중 베이스라인 (w=1.00),충분,높음,4.25,101.31,37,0,0.999,0.14,101.25,
M1200607306,IONIQ5,Case 1,차종(IONIQ5) 중심 가중 베이스라인 (w=1.00),충분,높음,4.23,101.38,54,0,1.03,0.079,102.91,
M2210703993,EV6,Case 1,차종(EV6) 중심 가중 베이스라인 (w=1.00),충분,높음,4.4,101.43,16,0,0.987,0.097,100.79,
M2210703658,EV6,Case 1,차종(EV6) 중심 가중 베이스라인 (w=1.00),충분,높음,4.34,101.45,21,0,0.971,0.166,99.96,
M2210703614,IONIQ5,Case 1,차종(IONIQ5) 중심 가중 베이스라인 (w=1.00),충분,높음,4.25,101.45,55,0,0.982,0.1,100.54,
M1200607412,IONIQ5,Case 1,차종(IONIQ5) 중심 가중 베이스라인 (w=1.00),충분,높음,4.24,101.5,55,0,0.997,0.144,101.36,
M1200607444,IONIQ5,Case 1,차종(IONIQ5) 중심 가중 베이스라인 (w=1.00),충분,높음,4.4,101.59,28,0,0.969,0.119,100.01,
M2210703793,IONIQ5,Case 1,차종(IONIQ5) 중심 가중 베이스라인 (w=1.00),충분,높음,4.24,101.6,49,0,1.044,0.176,103.82,
M2210703920,IONIQ5,Case 1,차종(IONIQ5) 중심 가중 베이스라인 (w=1.00),충분,높음,4.32,101.69,48,0,0.98,0.149,100.64,
M1200607361,IONIQ5,Case 1,차종(IONIQ5) 중심 가중 베이스라인 (w=1.00),충분,높음,4.33,101.69,38,0,1.031,0.231,103.25,
M1200607393,IONIQ5,Case 1,차종(IONIQ5) 중심 가중 베이스라인 (w=1.00),충분,높음,4.36,101.7,41,0,1.047,0.178,104.06,
M1200607468,IONIQ5,Case 1,차종(IONIQ5) 중심 가중 베이스라인 (w=1.00),충분,높음,4.32,101.7,44,0,1.018,0.105,102.6,
M1200606114,Kona,Case 3,ReVIN (Segment:SMALL_SUV 매핑),부족,낮음,4.49,101.75,17,0,1.069,0.272,105.23,
M2210703983,EV6,Case 1,차종(EV6) 중심 가중 베이스라인 (w=1.00),충분,높음,4.45,101.76,18,0,0.895,0.157,96.25,
M1200607511,IONIQ5,Case 1,차종(IONIQ5) 중심 가중 베이스라인 (w=1.00),충분,높음,4.48,101.77,30,0,0.909,0.146,97.05,
M1200607303,IONIQ5,Case 1,차종(IONIQ5) 중심 가중 베이스라인 (w=1.00),충분,높음,4.27,101.77,56,0,1.02,0.171,102.8,
M1200607298,IONIQ5,Case 1,차종(IONIQ5) 중심 가중 베이스라인 (w=1.00),충분,높음,4.25,101.77,56,0,1.003,0.212,101.9,
M2210703788,IONIQ5,Case 1,차종(IONIQ5) 중심 가중 베이스라인 (w=1.00),충분,높음,4.37,101.79,45,0,0.981,0.109,100.8,
M2210704012,EV6,Case 1,차종(EV6) 중심 가중 베이스라인 (w=1.00),충분,높음,4.41,101.8,18,0,0.94,0.091,98.7,
M2210703852,IONIQ5,Case 1,차종(IONIQ5) 중심 가중 베이스라인 (w=1.00),충분,높음,4.32,101.84,52,0,1.008,0.121,102.25,
M2210703999,EV6,Case 1,차종(EV6) 중심 가중 베이스라인 (w=1.00),충분,높음,4.41,101.87,20,0,0.995,0.111,101.61,
M1200607400,IONIQ5,Case 1,차종(IONIQ5) 중심 가중 베이스라인 (w=1.00),충분,높음,4.34,101.88,54,0,1.014,0.112,102.57,
M2210703792,EV6,Case 1,차종(EV6) 중심 가중 베이스라인 (w=1.00),충분,높음,4.56,101.99,9,0,0.967,0.184,100.29,
M2210703987,EV6,Case 1,차종(EV6) 중심 가중 베이스라인 (w=1.00),충분,높음,4.42,102.0,20,0,1.0,0.158,101.99,
M2210704016,EV6,Case 1,차종(EV6) 중심 가중 베이스라인 (w=1.00),충분,높음,4.42,102.01,16,0,1.01,0.118,102.53,
M2210703730,EV6,Case 1,차종(EV6) 중심 가중 베이스라인 (w=1.00),충분,높음,4.44,102.03,18,0,0.973,0.108,100.64,
M1200607404,IONIQ5,Case 1,차종(IONIQ5) 중심 가중 베이스라인 (w=1.00),충분,높음,4.49,102.1,41,0,0.952,0.113,99.62,
M2210704045,EV6,Case 1,차종(EV6) 중심 가중 베이스라인 (w=1.00),충분,높음,4.47,102.12,19,0,0.996,0.138,101.9,
M2210703647,EV6,Case 1,차종(EV6) 중심 가중 베이스라인 (w=1.00),충분,높음,4.52,102.15,16,0,1.018,0.144,103.04,
M1200607463,IONIQ5,Case 1,차종(IONIQ5) 중심 가중 베이스라인 (w=1.00),충분,높음,4.32,102.16,52,0,0.986,0.152,101.42,
M2210703916,IONIQ5,Case 1,차종(IONIQ5) 중심 가중 베이스라인 (w=1.00),충분,높음,4.45,102.17,52,0,0.983,0.108,101.28,
M1200607512,IONIQ5,Case 1,차종(IONIQ5) 중심 가중 베이스라인 (w=1.00),충분,높음,4.42,102.22,52,0,0.974,0.171,100.86,
M2210703994,EV6,Case 1,차종(EV6) 중심 가중 베이스라인 (w=1.00),충분,높음,4.53,102.23,16,0,0.925,0.091,98.32,
M1200607264,IONIQ5,Case 1,차종(IONIQ5) 중심 가중 베이스라인 (w=1.00),충분,높음,4.29,102.26,56,0,0.982,0.193,101.34,
M1200607293,IONIQ5,Case 1,차종(IONIQ5) 중심 가중 베이스라인 (w=1.00),충분,높음,4.3,102.29,56,0,0.979,0.228,101.22,
M1200607465,IONIQ5,Case 1,차종(IONIQ5) 중심 가중 베이스라인 (w=1.00),충분,높음,4.3,102.3,55,0,0.969,0.112,100.72,
M1200607409,IONIQ5,Case 1,차종(IONIQ5) 중심 가중 베이스라인 (w=1.00),충분,높음,4.44,102.32,56,0,0.946,0.103,99.51,
M2210704078,EV6,Case 1,차종(EV6) 중심 가중 베이스라인 (w=1.00),충분,높음,4.47,102.34,20,0,1.01,0.164,102.85,
M1200607328,IONIQ5,Case 1,차종(IONIQ5) 중심 가중 베이스라인 (w=1.00),충분,높음,4.37,102.39,54,0,1.018,0.141,103.3,
M1200607273,IONIQ5,Case 1,차종(IONIQ5) 중심 가중 베이스라인 (w=1.00),충분,높음,4.31,102.42,55,0,0.99,0.145,101.9,
M1200607319,IONIQ5,Case 1,차종(IONIQ5) 중심 가중 베이스라인 (w=1.00),충분,높음,4.31,102.44,56,0,0.981,0.122,101.47,
M2210704068,IONIQ5,Case 1,차종(IONIQ5) 중심 가중 베이스라인 (w=1.00),충분,높음,4.41,102.47,40,0,0.99,0.136,101.98,
M2210704095,EV6,Case 1,차종(EV6) 중심 가중 베이스라인 (w=1.00),충분,높음,4.42,102.49,20,0,0.973,0.126,101.1,
M1200607415,IONIQ5,Case 1,차종(IONIQ5) 중심 가중 베이스라인 (w=1.00),충분,높음,4.35,102.49,54,0,1.012,0.161,103.11,
M1200606103,Kona,Case 3,ReVIN (Segment:SMALL_SUV 매핑),부족,낮음,4.73,102.49,6,0,0.993,0.107,102.11,
M1200606128,Kona,Case 3,ReVIN (Segment:SMALL_SUV 매핑),부족,낮음,4.66,102.5,21,0,1.039,0.187,104.5,
M2210704081,EV6,Case 1,차종(EV6) 중심 가중 베이스라인 (w=1.00),충분,높음,4.44,102.52,20,0,0.964,0.156,100.65,
M1200607278,IONIQ5,Case 1,차종(IONIQ5) 중심 가중 베이스라인 (w=1.00),충분,높음,4.36,102.58,49,0,0.961,0.184,100.54,
M1200607488,IONIQ5,Case 1,차종(IONIQ5) 중심 가중 베이스라인 (w=1.00),충분,높음,4.36,102.59,37,0,0.998,0.157,102.51,
M2210703997,EV6,Case 1,차종(EV6) 중심 가중 베이스라인 (w=1.00),충분,높음,4.58,102.64,19,0,0.872,0.084,95.84,
M1200607322,IONIQ5,Case 1,차종(IONIQ5) 중심 가중 베이스라인 (w=1.00),충분,높음,4.58,102.69,25,0,0.921,0.118,98.54,
M1200607334,IONIQ5,Case 1,차종(IONIQ5) 중심 가중 베이스라인 (w=1.00),충분,높음,4.4,102.76,52,0,0.957,0.195,100.54,
M1200606298,Kona,Case 3,ReVIN (Segment:SMALL_SUV 매핑),부족,낮음,4.52,102.85,34,0,1.068,0.159,106.31,
M2210704074,EV6,Case 1,차종(EV6) 중심 가중 베이스라인 (w=1.00),충분,높음,4.56,102.89,20,0,0.966,0.128,101.15,
M2210703719,EV6,Case 1,차종(EV6) 중심 가중 베이스라인 (w=1.00),충분,높음,4.63,102.89,19,0,1.016,0.227,103.7,
M1200607490,IONIQ5,Case 1,차종(IONIQ5) 중심 가중 베이스라인 (w=1.00),충분,높음,4.42,102.91,54,0,0.948,0.101,100.22,
M1200607565,IONIQ5,Case 1,차종(IONIQ5) 중심 가중 베이스라인 (w=1.00),충분,높음,4.78,102.93,17,0,0.88,0.158,96.53,
M1200607302,IONIQ5,Case 1,차종(IONIQ5) 중심 가중 베이스라인 (w=1.00),충분,높음,4.35,102.94,57,0,0.983,0.205,102.04,
M2210703781,IONIQ5,Case 1,차종(IONIQ5) 중심 가중 베이스라인 (w=1.00),충분,높음,4.61,102.98,49,0,0.933,0.126,99.46,
M1200607570,IONIQ5,Case 1,차종(IONIQ5) 중심 가중 베이스라인 (w=1.00),충분,높음,4.6,103.0,56,0,0.955,0.142,100.65,
M1200606160,Kona,Case 3,ReVIN (Segment:SMALL_SUV 매핑),부족,낮음,4.66,103.01,22,0,1.04,0.182,105.03,
M1200606127,Kona,Case 3,ReVIN (Segment:SMALL_SUV 매핑),부족,낮음,4.81,103.03,10,0,0.984,0.164,102.22,
M1200607323,IONIQ5,Case 1,차종(IONIQ5) 중심 가중 베이스라인 (w=1.00),충분,높음,4.43,103.03,46,0,0.963,0.152,101.1,
M1200607560,IONIQ5,Case 1,차종(IONIQ5) 중심 가중 베이스라인 (w=1.00),충분,높음,4.58,103.06,51,0,0.924,0.119,99.05,
M1200607271,IONIQ5,Case 1,차종(IONIQ5) 중심 가중 베이스라인 (w=1.00),충분,높음,4.37,103.09,57,0,0.946,0.155,100.25,
M2210704008,EV6,Case 1,차종(EV6) 중심 가중 베이스라인 (w=1.00),충분,높음,4.59,103.11,18,0,0.928,0.113,99.33,
M2210703772,IONIQ5,Case 1,차종(IONIQ5) 중심 가중 베이스라인 (w=1.00),충분,높음,4.56,103.13,51,0,0.961,0.098,101.07,
M1200606117,Kona,Case 3,ReVIN (Segment:SMALL_SUV 매핑),부족,낮음,4.85,103.13,20,0,1.029,0.14,104.61,
M1200606217,Kona,Case 3,ReVIN (Segment:SMALL_SUV 매핑),부족,낮음,4.77,103.14,22,0,1.017,0.121,104.01,
M1200607478,IONIQ5,Case 1,차종(IONIQ5) 중심 가중 베이스라인 (w=1.00),충분,높음,4.39,103.14,56,0,0.983,0.138,102.25,
M2210704092,EV6,Case 1,차종(EV6) 중심 가중 베이스라인 (w=1.00),충분,높음,4.58,103.15,15,0,0.908,0.106,98.3,
M1200607514,IONIQ5,Case 1,차종(IONIQ5) 중심 가중 베이스라인 (w=1.00),충분,높음,4.4,103.2,49,0,0.974,0.146,101.86,
M1200607477,IONIQ5,Case 1,차종(IONIQ5) 중심 가중 베이스라인 (w=1.00),충분,높음,4.43,103.23,55,0,0.968,0.111,101.54,
M2210703648,EV6,Case 1,차종(EV6) 중심 가중 베이스라인 (w=1.00),충분,높음,4.71,103.24,20,0,0.894,0.106,97.62,
M1200606122,Kona,Case 3,ReVIN (Segment:SMALL_SUV 매핑),부족,낮음,4.74,103.25,21,0,1.023,0.226,104.43,
M2210703669,EV6,Case 1,차종(EV6) 중심 가중 베이스라인 (w=1.00),충분,높음,4.63,103.35,20,0,0.954,0.12,100.96,
M1200607563,IONIQ5,Case 1,차종(IONIQ5) 중심 가중 베이스라인 (w=1.00),충분,높음,4.52,103.38,53,0,0.943,0.14,100.41,
M1200607441,IONIQ5,Case 1,차종(IONIQ5) 중심 가중 베이스라인 (w=1.00),충분,높음,4.51,103.38,46,0,0.951,0.118,100.82,
M2210703919,IONIQ5,Case 1,차종(IONIQ5) 중심 가중 베이스라인 (w=1.00),충분,높음,4.64,103.46,50,0,0.951,0.135,100.88,
M1200607414,IONIQ5,Case 1,차종(IONIQ5) 중심 가중 베이스라인 (w=1.00),충분,높음,4.5,103.48,52,0,0.97,0.149,101.93,
M2210703771,IONIQ5,Case 1,차종(IONIQ5) 중심 가중 베이스라인 (w=1.00),충분,높음,4.53,103.53,41,0,0.967,0.166,101.78,
M1200607329,IONIQ5,Case 1,차종(IONIQ5) 중심 가중 베이스라인 (w=1.00),충분,높음,4.41,103.56,55,0,1.006,0.132,103.87,
M1200607208,Kona,Case 3,ReVIN (Segment:SMALL_SUV 매핑),부족,낮음,4.8,103.64,13,0,1.001,0.13,103.71,
M2210704014,EV6,Case 1,차종(EV6) 중심 가중 베이스라인 (w=1.00),충분,높음,4.61,103.68,19,0,0.956,0.145,101.38,
M1200607466,IONIQ5,Case 1,차종(IONIQ5) 중심 가중 베이스라인 (w=1.00),충분,높음,4.53,103.69,49,0,0.956,0.128,101.37,
M1200607411,IONIQ5,Case 1,차종(IONIQ5) 중심 가중 베이스라인 (w=1.00),충분,높음,4.5,103.69,54,0,0.957,0.125,101.44,
M1200607405,IONIQ5,Case 1,차종(IONIQ5) 중심 가중 베이스라인 (w=1.00),충분,높음,4.61,103.8,41,0,0.97,0.185,102.21,
M1200606110,Kona,Case 3,ReVIN (Segment:SMALL_SUV 매핑),부족,낮음,4.81,103.87,14,0,0.998,0.158,103.78,
M1200606124,Kona,Case 3,ReVIN (Segment:SMALL_SUV 매핑),부족,낮음,4.82,103.95,22,0,1.052,0.24,106.6,
M1200607402,IONIQ5,Case 1,차종(IONIQ5) 중심 가중 베이스라인 (w=1.00),충분,높음,4.5,103.98,53,0,0.899,0.115,98.58,
M1200607510,IONIQ5,Case 1,차종(IONIQ5) 중심 가중 베이스라인 (w=1.00),충분,높음,4.84,104.05,31,0,0.956,0.311,101.72,
M1200607355,IONIQ5,Case 1,차종(IONIQ5) 중심 가중 베이스라인 (w=1.00),충분,높음,4.7,104.09,51,0,0.958,0.214,101.88,
M2210703986,EV6,Case 1,차종(EV6) 중심 가중 베이스라인 (w=1.00),충분,높음,4.74,104.13,19,0,0.869,0.148,97.05,
M2210704098,EV6,Case 1,차종(EV6) 중심 가중 베이스라인 (w=1.00),충분,높음,4.99,104.16,18,0,0.918,0.091,99.82,
M2210703777,IONIQ5,Case 1,차종(IONIQ5) 중심 가중 베이스라인 (w=1.00),충분,높음,4.48,104.17,40,0,0.935,0.099,100.72,
M1200607388,IONIQ5,Case 1,차종(IONIQ5) 중심 가중 베이스라인 (w=1.00),충분,높음,4.63,104.17,20,0,0.923,0.138,100.05,
M1200607448,IONIQ5,Case 1,차종(IONIQ5) 중심 가중 베이스라인 (w=1.00),충분,높음,4.58,104.24,49,0,0.916,0.1,99.79,
M1200607470,IONIQ5,Case 1,차종(IONIQ5) 중심 가중 베이스라인 (w=1.00),충분,높음,4.58,104.27,51,0,1.002,0.217,104.38,
M1200606118,Kona,Case 3,ReVIN (Segment:SMALL_SUV 매핑),부족,낮음,4.81,104.41,22,0,0.978,0.208,103.26,
M2210703617,IONIQ5,Case 1,차종(IONIQ5) 중심 가중 베이스라인 (w=1.00),충분,높음,4.49,104.51,55,0,0.937,0.165,101.14,
M1200607327,IONIQ5,Case 1,차종(IONIQ5) 중심 가중 베이스라인 (w=1.00),충분,높음,4.75,104.51,34,0,0.918,0.11,100.11,
M1200607446,IONIQ5,Case 1,차종(IONIQ5) 중심 가중 베이스라인 (w=1.00),충분,높음,4.54,104.62,55,0,0.941,0.157,101.46,
M2210703618,IONIQ5,Case 1,차종(IONIQ5) 중심 가중 베이스라인 (w=1.00),충분,높음,4.66,104.69,39,0,0.969,0.139,103.07,
M1200607381,IONIQ5,Case 1,차종(IONIQ5) 중심 가중 베이스라인 (w=1.00),충분,높음,4.82,104.69,40,0,0.922,0.176,100.52,
M1200607343,IONIQ5,Case 1,차종(IONIQ5) 중심 가중 베이스라인 (w=1.00),충분,높음,4.6,104.76,51,0,0.956,0.113,102.45,
M2210703715,EV6,Case 1,차종(EV6) 중심 가중 베이스라인 (w=1.00),충분,높음,5.11,104.97,8,0,0.855,0.084,97.05,
M1200607476,IONIQ5,Case 1,차종(IONIQ5) 중심 가중 베이스라인 (w=1.00),충분,높음,4.54,105.05,55,0,0.929,0.154,101.28,
M1200607573,IONIQ5,Case 1,차종(IONIQ5) 중심 가중 베이스라인 (w=1.00),충분,높음,4.96,105.06,21,0,0.89,0.109,99.11,
M1200607397,IONIQ5,Case 1,차종(IONIQ5) 중심 가중 베이스라인 (w=1.00),충분,높음,4.99,105.07,47,0,0.784,0.086,93.06,
M1200606134,Kona,Case 3,ReVIN (Segment:SMALL_SUV 매핑),부족,낮음,4.99,105.08,22,0,0.992,0.191,104.67,
M1200606119,Kona,Case 3,ReVIN (Segment:SMALL_SUV 매핑),부족,낮음,4.97,105.13,22,0,0.984,0.231,104.29,
M2210703710,EV6,Case 1,차종(EV6) 중심 가중 베이스라인 (w=1.00),충분,높음,4.89,105.16,19,0,0.871,0.104,98.16,
M1200607417,IONIQ5,Case 1,차종(IONIQ5) 중심 가중 베이스라인 (w=1.00),충분,높음,4.74,105.17,46,0,0.898,0.12,99.65,
M2210703675,IONIQ5,Case 1,차종(IONIQ5) 중심 가중 베이스라인 (w=1.00),충분,높음,4.7,105.24,52,0,0.915,0.139,100.64,
M1200607331,IONIQ5,Case 1,차종(IONIQ5) 중심 가중 베이스라인 (w=1.00),충분,높음,4.57,105.25,56,0,0.904,0.101,100.04,
M2210704070,IONIQ5,Case 1,차종(IONIQ5) 중심 가중 베이스라인 (w=1.00),충분,높음,4.56,105.33,57,0,0.926,0.13,101.34,
M1200607489,IONIQ5,Case 1,차종(IONIQ5) 중심 가중 베이스라인 (w=1.00),충분,높음,4.8,105.36,47,0,0.942,0.139,102.28,
M2210703975,EV6,Case 1,차종(EV6) 중심 가중 베이스라인 (w=1.00),충분,높음,5.04,105.37,16,0,0.851,0.078,97.19,
M1200607453,IONIQ5,Case 1,차종(IONIQ5) 중심 가중 베이스라인 (w=1.00),충분,높음,4.57,105.41,55,0,0.955,0.134,103.01,
M2210703761,IONIQ5,Case 1,차종(IONIQ5) 중심 가중 베이스라인 (w=1.00),충분,높음,4.61,105.42,55,0,0.925,0.165,101.39,
M2210703620,IONIQ5,Case 1,차종(IONIQ5) 중심 가중 베이스라인 (w=1.00),충분,높음,4.57,105.44,56,0,0.942,0.158,102.32,
M1200607380,IONIQ5,Case 1,차종(IONIQ5) 중심 가중 베이스라인 (w=1.00),충분,높음,4.67,105.54,53,0,0.961,0.146,103.47,
M1200607338,IONIQ5,Case 1,차종(IONIQ5) 중심 가중 베이스라인 (w=1.00),충분,높음,4.59,105.59,51,0,0.901,0.138,100.25,
M1200607568,IONIQ5,Case 1,차종(IONIQ5) 중심 가중 베이스라인 (w=1.00),충분,높음,4.64,105.61,55,0,0.892,0.124,99.75,
M1200607332,IONIQ5,Case 1,차종(IONIQ5) 중심 가중 베이스라인 (w=1.00),충분,높음,4.59,105.63,56,0,0.933,0.116,102.05,
M2210704082,EV6,Case 1,차종(EV6) 중심 가중 베이스라인 (w=1.00),충분,높음,4.99,105.78,19,0,0.843,0.114,97.14,
M1200607347,IONIQ5,Case 1,차종(IONIQ5) 중심 가중 베이스라인 (w=1.00),충분,높음,4.62,105.97,55,0,0.911,0.11,101.15,
M2210703931,IONIQ5,Case 1,차종(IONIQ5) 중심 가중 베이스라인 (w=1.00),충분,높음,4.7,106.0,56,0,0.927,0.093,102.05,
M1200607359,IONIQ5,Case 1,차종(IONIQ5) 중심 가중 베이스라인 (w=1.00),충분,높음,5.01,106.1,51,0,0.842,0.123,97.39,
M2210703764,IONIQ5,Case 1,차종(IONIQ5) 중심 가중 베이스라인 (w=1.00),충분,높음,4.82,106.14,54,0,0.887,0.122,99.94,
M1200607574,IONIQ5,Case 1,차종(IONIQ5) 중심 가중 베이스라인 (w=1.00),충분,높음,4.9,106.18,41,0,0.905,0.108,101.01,
M1200607358,IONIQ5,Case 1,차종(IONIQ5) 중심 가중 베이스라인 (w=1.00),충분,높음,4.67,106.25,51,0,0.895,0.15,100.53,
M2210703646,EV6,Case 1,차종(EV6) 중심 가중 베이스라인 (w=1.00),충분,높음,5.15,106.5,19,0,0.875,0.141,99.6,
M1200607471,IONIQ5,Case 1,차종(IONIQ5) 중심 가중 베이스라인 (w=1.00),충분,높음,4.86,106.5,33,0,0.916,0.119,101.92,
M2210703652,EV6,Case 1,차종(EV6) 중심 가중 베이스라인 (w=1.00),충분,높음,5.14,106.59,19,0,0.854,0.144,98.52,
M2210703851,IONIQ5,Case 1,차종(IONIQ5) 중심 가중 베이스라인 (w=1.00),충분,높음,5.0,106.62,38,0,0.889,0.152,100.55,
M2210703845,EV6,Case 1,차종(EV6) 중심 가중 베이스라인 (w=1.00),충분,높음,5.25,106.73,20,0,0.832,0.102,97.35,
M1200606102,Kona,Case 3,ReVIN (Segment:SMALL_SUV 매핑),부족,낮음,5.2,106.75,22,0,0.949,0.2,104.02,
M1200606213,Kona,Case 3,ReVIN (Segment:SMALL_SUV 매핑),부족,낮음,5.14,106.84,22,0,0.978,0.229,105.64,
M2210704065,EV6,Case 1,차종(EV6) 중심 가중 베이스라인 (w=1.00),충분,높음,5.11,106.91,19,0,0.848,0.12,98.45,
M1200607492,IONIQ5,Case 1,차종(IONIQ5) 중심 가중 베이스라인 (w=1.00),충분,높음,5.03,106.99,55,0,0.865,0.095,99.49,
M1200607279,IONIQ5,Case 1,차종(IONIQ5) 중심 가중 베이스라인 (w=1.00),충분,높음,4.78,107.05,54,0,0.886,0.121,100.78,
M1200607484,IONIQ5,Case 1,차종(IONIQ5) 중심 가중 베이스라인 (w=1.00),충분,높음,5.0,107.38,51,0,0.847,0.075,98.81,
M2210703657,EV6,Case 1,차종(EV6) 중심 가중 베이스라인 (w=1.00),충분,높음,5.03,107.48,21,0,0.89,0.096,101.38,
M1200607348,IONIQ5,Case 1,차종(IONIQ5) 중심 가중 베이스라인 (w=1.00),충분,높음,4.87,107.65,50,0,0.857,0.121,99.67,
M1200607317,IONIQ5,Case 1,차종(IONIQ5) 중심 가중 베이스라인 (w=1.00),충분,높음,4.99,107.73,48,0,0.86,0.1,99.89,
M1200606115,Kona,Case 3,ReVIN (Segment:SMALL_SUV 매핑),부족,낮음,5.31,107.83,22,0,0.91,0.187,102.87,
M1200606120,Kona,Case 3,ReVIN (Segment:SMALL_SUV 매핑),부족,낮음,5.27,108.25,21,0,0.947,0.206,105.35,
M2210703653,EV6,Case 1,차종(EV6) 중심 가중 베이스라인 (w=1.00),충분,높음,5.36,108.38,19,0,0.849,0.135,99.84,
M2210703707,EV6,Case 1,차종(EV6) 중심 가중 베이스라인 (w=1.00),충분,높음,5.31,108.4,19,0,0.854,0.104,100.16,
M2210703795,IONIQ5,Case 1,차종(IONIQ5) 중심 가중 베이스라인 (w=1.00),충분,높음,5.06,109.03,56,0,0.814,0.082,98.36,
M1200606116,Kona,Case 3,ReVIN (Segment:SMALL_SUV 매핑),부족,낮음,5.75,109.29,22,0,0.835,0.08,99.84,
M1200606104,Kona,Case 3,ReVIN (Segment:SMALL_SUV 매핑),부족,낮음,5.18,109.46,34,0,0.962,0.196,107.38,
M2210704043,EV6,Case 1,차종(EV6) 중심 가중 베이스라인 (w=1.00),충분,높음,5.37,110.17,19,0,0.84,0.126,101.0,
M2210703756,IONIQ5,Case 1,차종(IONIQ5) 중심 가중 베이스라인 (w=1.00),충분,높음,5.04,110.69,53,0,0.842,0.084,101.59,
M2210703754,EV6,Case 1,차종(EV6) 중심 가중 베이스라인 (w=1.00),충분,높음,6.09,110.96,19,0,0.733,0.096,95.02,
M2210703616,IONIQ5,Case 1,차종(IONIQ5) 중심 가중 베이스라인 (w=1.00),충분,높음,5.1,111.49,56,0,0.849,0.136,102.73,
M2210703970,IONIQ5,Case 1,차종(IONIQ5) 중심 가중 베이스라인 (w=1.00),충분,높음,5.35,113.31,30,0,0.797,0.142,101.17,
